0, 0.05263158, 1, 0.55, 0.45, 1, 0.1, 0, 0, 0, 0, 0, 0.55, 0.5, 0.96, 0.1, 1, 0, 0, 0	1	0,2,-4
0, 0.05263158, 0, 0.55, 0.5, 0.96, 0.1, 1, 0, 0, 0, 1, 0.55, 0.45, 1, 0.1, 0, 0, 0, 0	0	-2,0,3
0, 0.05263158, 0, 0.55, 0.45, 1, 0.1, 0, 0, 0, 0, 1, 0.55, 0.5, 0.96, 0.15, 1, 0, 0, 0	1	4,-3,0
0, 0.05263158, 1, 0.55, 0.5, 0.96, 0.15, 1, 0, 0, 0, 0, 0.55, 0.45, 1, 0.1, 0, 0, 0, 0	2	-2,0,3
0.05263158, 0, 1, 0.6, 0.5, 1, 0.1, 0, 0, 0, 0, 0, 0.55, 0.5, 0.8, 0.15, 1, 0, 0, 0	0	4,-4,1
0.05263158, 0, 0, 0.55, 0.5, 0.8, 0.15, 1, 0, 0, 0, 1, 0.6, 0.5, 1, 0.1, 0, 0, 0, 0	2	1,-2,-4
0, 0.05263158, 0, 0.6, 0.5, 1, 0.15, 0, 0, 0, 0, 1, 0.6, 0.45, 0.8, 0.15, 0, 0, 0, 0	2	2,0,3
0, 0.05263158, 1, 0.6, 0.45, 0.8, 0.15, 0, 0, 0, 0, 0, 0.6, 0.5, 1, 0.15, 0, 0, 0, 0	1	6,-3,-1
0, 0.05263158, 1, 0.6, 0.4, 1, 0.15, 0, 0, 0, 0, 0, 0.6, 0.45, 0.56, 0.15, 0, 0, 0, 0	0	6,-3,0
0, 0.05263158, 0, 0.6, 0.45, 0.56, 0.15, 0, 0, 0, 0, 1, 0.6, 0.4, 1, 0.15, 0, 0, 0, 0	2	0,-1,-6
0, 0.05263158, 0, 0.6, 0.4, 1, 0.15, 0, 0, 0, 0, 1, 0.6, 0.35, 0.56, 0.2, 0, 0, 0, 0	1	6,-3,0
0, 0.05263158, 1, 0.6, 0.35, 0.56, 0.2, 0, 0, 0, 0, 0, 0.6, 0.4, 1, 0.15, 0, 0, 0, 0	2	-1,0,3
0.05263158, 0, 1, 0.65, 0.35, 0.96, 0.15, 1, 0, 0, 0, 0, 0.6, 0.35, 0.52, 0.2, 0, 0, 0, 0	0	1,0,3
0.05263158, 0, 0, 0.6, 0.35, 0.52, 0.2, 0, 0, 0, 0, 1, 0.65, 0.35, 0.96, 0.15, 1, 0, 0, 0	1	1,-1,-6
0, 0.1578947, 0, 0.65, 0.4, 0.96, 0.15, 1, 0, 0, 0, 1, 0.65, 0.25, 0.52, 0.2, 0, 0, 0, 0	1	1,0,3
0, 0.1578947, 1, 0.65, 0.25, 0.52, 0.2, 0, 0, 0, 0, 0, 0.65, 0.4, 0.96, 0.15, 1, 0, 0, 0	1	-1,0,4
0, 0.05263158, 0, 0.65, 0.4, 0.8, 0.15, 0, 0, 0, 0, 1, 0.65, 0.35, 0.4, 0.2, 0, 0, 0, 0	0	-1,1,-8
0, 0.05263158, 1, 0.65, 0.35, 0.4, 0.2, 0, 0, 0, 0, 0, 0.65, 0.4, 0.8, 0.15, 0, 0, 0, 0	0	1,-1,-6
0.05263158, 0, 1, 0.7, 0.35, 0.48, 0.15, 0, 0, 0, 0, 0, 0.65, 0.35, 0.4, 0.2, 0, 0, 0, 0	2	-1,1,-8
0.05263158, 0, 0, 0.65, 0.35, 0.4, 0.2, 0, 0, 0, 0, 1, 0.7, 0.35, 0.48, 0.15, 0, 0, 0, 0	0	8,-3,-1
0, 0.05263158, 0, 0.7, 0.35, 0.44, 0.15, 1, 0, 0, 0, 1, 0.7, 0.3, 0.36, 0.2, 0, 0, 0, 0	0	1,0,3
0, 0.05263158, 1, 0.7, 0.3, 0.36, 0.2, 0, 0, 0, 0, 0, 0.7, 0.35, 0.44, 0.15, 1, 0, 0, 0	1	1,-1,-6
0, 0.05263158, 1, 0.7, 0.35, 0.12, 0.15, 1, 0, 0, 0, 0, 0.7, 0.3, 0.36, 0.2, 0, 0, 0, 0	2	-1,1,-8
0, 0.05263158, 0, 0.7, 0.3, 0.36, 0.2, 0, 0, 0, 0, 1, 0.7, 0.35, 0.12, 0.15, 1, 0, 0, 0	0	8,-3,-1
0.05263158, 0, 0, 0.7, 0.35, 0.12, 0.2, 1, 0, 0, 0, 1, 0.75, 0.35, 0.36, 0.2, 0, 0, 0, 0	2	1,0,3
0.05263158, 0, 1, 0.75, 0.35, 0.36, 0.2, 0, 0, 0, 0, 0, 0.7, 0.35, 0.12, 0.2, 1, 0, 0, 0	1	8,-3,-1
0, 0.05263158, 1, 0.75, 0.4, 0.12, 0.2, 0, 0, 0, 0, 0, 0.75, 0.35, 0.36, 0.25, 0, 0, 0, 0	1	8,-3,0
0, 0.05263158, 0, 0.75, 0.35, 0.36, 0.25, 0, 0, 0, 0, 1, 0.75, 0.4, 0.12, 0.2, 0, 0, 0, 0	2	-1,0,3
0, 0.05263158, 0, 0.75, 0.4, 0.08, 0.2, 1, 0, 0, 0, 1, 0.75, 0.45, 0.32, 0.25, 0, 0, 0, 0	0	1,0,3
0, 0.05263158, 1, 0.75, 0.45, 0.32, 0.25, 0, 0, 0, 0, 0, 0.75, 0.4, 0.08, 0.2, 1, 0, 0, 0	1	1,-1,-8
0, 0.05263158, 1, 0.75, 0.4, 0.08, 0.2, 1, 0, 0, 0, 0, 0.75, 0.45, 0.32, 0.3, 0, 0, 0, 0	1	8,-4,1
0, 0.05263158, 0, 0.75, 0.45, 0.32, 0.3, 0, 0, 0, 0, 1, 0.75, 0.4, 0.08, 0.2, 1, 0, 0, 0	2	-1,0,4
0, 0.1578947, 0, 0.75, 0.45, 0.08, 0.2, 1, 0, 0, 0, 1, 0.75, 0.3, 0.32, 0.3, 0, 0, 0, 0	1	1,0,3
0, 0.1578947, 1, 0.75, 0.3, 0.32, 0.3, 0, 0, 0, 0, 0, 0.75, 0.45, 0.08, 0.2, 1, 0, 0, 0	1	0,0,5
0, 0.05263158, 1, 0.75, 0.35, 0, 0.2, 0, 0, 0, 0, 0, 0.75, 0.3, 0.32, 0.3, 0, 0, 0, 0	2	-2,0,-12
0, 0.05263158, 0, 0.75, 0.3, 0.32, 0.3, 0, 0, 0, 0, 1, 0.75, 0.35, 0, 0.2, 0, 0, 0, 0	0	12,-3,-1
0, 0.05263158, 1, 0.55, 0.45, 0.92, 0.1, 0, 0, 0, 0, 0, 0.55, 0.5, 0.92, 0.1, 0, 0, 0, 0	0	0,2,-4
0, 0.05263158, 0, 0.55, 0.5, 0.92, 0.1, 0, 0, 0, 0, 1, 0.55, 0.45, 0.92, 0.1, 0, 0, 0, 0	0	0,-2,-4
0.05263158, 0, 0, 0.55, 0.45, 0.88, 0.1, 1, 0, 0, 0, 1, 0.6, 0.45, 0.92, 0.1, 0, 0, 0, 0	0	2,0,3
0.05263158, 0, 1, 0.6, 0.45, 0.92, 0.1, 0, 0, 0, 0, 0, 0.55, 0.45, 0.88, 0.1, 1, 0, 0, 0	1	0,-2,-4
0.05263158, 0, 1, 0.55, 0.45, 0.88, 0.15, 1, 0, 0, 0, 0, 0.6, 0.45, 0.92, 0.1, 0, 0, 0, 0	2	2,0,3
0.05263158, 0, 0, 0.6, 0.45, 0.92, 0.1, 0, 0, 0, 0, 1, 0.55, 0.45, 0.88, 0.15, 1, 0, 0, 0	1	4,-3,0
0, 0.05263158, 0, 0.55, 0.45, 0.88, 0.15, 1, 0, 0, 0, 1, 0.55, 0.4, 0.88, 0.1, 1, 0, 0, 0	1	1,2,-4
0, 0.05263158, 1, 0.55, 0.4, 0.88, 0.1, 1, 0, 0, 0, 0, 0.55, 0.45, 0.88, 0.15, 1, 0, 0, 0	0	-2,0,3
0.05263158, 0, 1, 0.6, 0.4, 0.88, 0.1, 0, 0, 0, 0, 0, 0.55, 0.4, 0.88, 0.05, 1, 0, 0, 0	2	6,-3,-1
0.05263158, 0, 0, 0.55, 0.4, 0.88, 0.05, 1, 0, 0, 0, 1, 0.6, 0.4, 0.88, 0.1, 0, 0, 0, 0	2	4,-4,1
0.05263158, 0, 0, 0.6, 0.4, 0.88, 0.05, 0, 0, 0, 0, 1, 0.55, 0.4, 0.88, 0.05, 1, 0, 0, 0	2	4,-3,1
0.05263158, 0, 1, 0.55, 0.4, 0.88, 0.05, 1, 0, 0, 0, 0, 0.6, 0.4, 0.88, 0.05, 0, 0, 0, 0	2	2,-4,-1
0.05263158, 0, 1, 0.5, 0.4, 0.84, 0.05, 0, 0, 0, 0, 0, 0.55, 0.4, 0.84, 0.05, 0, 0, 0, 0	0	0,2,-2
0.05263158, 0, 0, 0.55, 0.4, 0.84, 0.05, 0, 0, 0, 0, 1, 0.5, 0.4, 0.84, 0.05, 0, 0, 0, 0	0	0,-2,-2
0.05263158, 0, 0, 0.5, 0.4, 0.8, 0.05, 0, 0, 0, 0, 1, 0.45, 0.4, 0.8, 0.05, 0, 0, 0, 0	0	0,2,-2
0.05263158, 0, 1, 0.45, 0.4, 0.8, 0.05, 0, 0, 0, 0, 0, 0.5, 0.4, 0.8, 0.05, 0, 0, 0, 0	0	0,-2,-2
0, 0.05263158, 1, 0.45, 0.35, 0.76, 0.05, 1, 0, 0, 0, 0, 0.45, 0.4, 0.8, 0.05, 0, 0, 0, 0	0	2,0,3
0, 0.05263158, 0, 0.45, 0.4, 0.8, 0.05, 0, 0, 0, 0, 1, 0.45, 0.35, 0.76, 0.05, 1, 0, 0, 0	1	0,-2,-2
0.05263158, 0, 0, 0.45, 0.35, 0.68, 0.05, 1, 0, 0, 0, 1, 0.5, 0.35, 0.8, 0.05, 0, 0, 0, 0	2	0,2,-2
0.05263158, 0, 1, 0.5, 0.35, 0.8, 0.05, 0, 0, 0, 0, 0, 0.45, 0.35, 0.68, 0.05, 1, 0, 0, 0	0	2,-3,0
0.05263158, 0, 1, 0.45, 0.35, 0.6, 0.05, 1, 0, 0, 0, 0, 0.5, 0.35, 0.8, 0.05, 0, 0, 0, 0	2	0,2,-2
0.05263158, 0, 0, 0.5, 0.35, 0.8, 0.05, 0, 0, 0, 0, 1, 0.45, 0.35, 0.6, 0.05, 1, 0, 0, 0	0	2,-3,0
0, 0.05263158, 0, 0.45, 0.35, 0.6, 0.05, 0, 0, 0, 0, 1, 0.45, 0.4, 0.76, 0.05, 1, 0, 0, 0	1	0,2,-2
0, 0.05263158, 1, 0.45, 0.4, 0.76, 0.05, 1, 0, 0, 0, 0, 0.45, 0.35, 0.6, 0.05, 0, 0, 0, 0	0	-2,0,3
0.05263158, 0, 1, 0.5, 0.4, 0.6, 0.1, 0, 0, 0, 0, 0, 0.45, 0.4, 0.76, 0.05, 1, 0, 0, 0	2	2,0,3
0.05263158, 0, 0, 0.45, 0.4, 0.76, 0.05, 1, 0, 0, 0, 1, 0.5, 0.4, 0.6, 0.1, 0, 0, 0, 0	1	2,-3,0
0.05263158, 0, 0, 0.5, 0.4, 0.56, 0.1, 1, 0, 0, 0, 1, 0.45, 0.4, 0.76, 0.05, 1, 0, 0, 0	0	2,0,4
0.05263158, 0, 1, 0.45, 0.4, 0.76, 0.05, 1, 0, 0, 0, 0, 0.5, 0.4, 0.56, 0.1, 1, 0, 0, 0	1	-1,-2,-4
0.05263158, 0, 1, 0.5, 0.4, 0.56, 0.05, 1, 0, 0, 0, 0, 0.45, 0.4, 0.76, 0.05, 0, 0, 0, 0	2	4,-3,1
0.05263158, 0, 0, 0.45, 0.4, 0.76, 0.05, 0, 0, 0, 0, 1, 0.5, 0.4, 0.56, 0.05, 1, 0, 0, 0	2	2,-4,-1
0, 0.05263158, 0, 0.5, 0.4, 0.56, 0.1, 1, 0, 0, 0, 1, 0.5, 0.35, 0.76, 0.05, 0, 0, 0, 0	2	2,0,3
0, 0.05263158, 1, 0.5, 0.35, 0.76, 0.05, 0, 0, 0, 0, 0, 0.5, 0.4, 0.56, 0.1, 1, 0, 0, 0	1	2,-3,0
0.05263158, 0, 1, 0.45, 0.35, 0.56, 0.1, 0, 0, 0, 0, 0, 0.5, 0.35, 0.72, 0.05, 1, 0, 0, 0	1	1,2,-2
0.05263158, 0, 0, 0.5, 0.35, 0.72, 0.05, 1, 0, 0, 0, 1, 0.45, 0.35, 0.56, 0.1, 0, 0, 0, 0	0	-2,0,3
0.05263158, 0, 0, 0.45, 0.35, 0.56, 0.05, 0, 0, 0, 0, 1, 0.5, 0.35, 0.72, 0.05, 1, 0, 0, 0	2	4,-3,1
0.05263158, 0, 1, 0.5, 0.35, 0.72, 0.05, 1, 0, 0, 0, 0, 0.45, 0.35, 0.56, 0.05, 0, 0, 0, 0	2	2,-4,-1
0, 0.1052632, 1, 0.5, 0.4, 0.56, 0.05, 0, 0, 0, 0, 0, 0.5, 0.3, 0.72, 0.05, 1, 0, 0, 0	1	2,0,3
0, 0.1052632, 0, 0.5, 0.3, 0.72, 0.05, 1, 0, 0, 0, 1, 0.5, 0.4, 0.56, 0.05, 0, 0, 0, 0	1	-2,0,3
0.1578947, 0, 0, 0.45, 0.4, 0.56, 0.05, 0, 0, 0, 0, 1, 0.6, 0.4, 0.72, 0.05, 0, 0, 0, 0	1	2,0,3
0.1578947, 0, 1, 0.6, 0.4, 0.72, 0.05, 0, 0, 0, 0, 0, 0.45, 0.4, 0.56, 0.05, 0, 0, 0, 0	1	-2,0,3
0, 0.05263158, 1, 0.6, 0.45, 0.56, 0.05, 0, 0, 0, 0, 0, 0.6, 0.4, 0.64, 0.05, 0, 0, 0, 0	0	2,-3,0
0, 0.05263158, 0, 0.6, 0.4, 0.64, 0.05, 0, 0, 0, 0, 1, 0.6, 0.45, 0.56, 0.05, 0, 0, 0, 0	2	0,-2,-2
0.05263158, 0, 0, 0.6, 0.45, 0.52, 0.05, 1, 0, 0, 0, 1, 0.65, 0.45, 0.64, 0.05, 0, 0, 0, 0	0	2,0,3
0.05263158, 0, 1, 0.65, 0.45, 0.64, 0.05, 0, 0, 0, 0, 0, 0.6, 0.45, 0.52, 0.05, 1, 0, 0, 0	1	0,-2,-2
0.05263158, 0, 1, 0.6, 0.45, 0.44, 0.05, 1, 0, 0, 0, 0, 0.65, 0.45, 0.64, 0.05, 0, 0, 0, 0	2	0,2,-2
0.05263158, 0, 0, 0.65, 0.45, 0.64, 0.05, 0, 0, 0, 0, 1, 0.6, 0.45, 0.44, 0.05, 1, 0, 0, 0	0	2,-3,0
0, 0.05263158, 0, 0.6, 0.45, 0.44, 0.05, 1, 0, 0.7, 0.95, 1, 0.6, 0.4, 0.64, 0.1, 0, 0, 0.7, 0.95	1	2,-3,0
0, 0.05263158, 1, 0.6, 0.4, 0.64, 0.1, 0, 0, 0.7, 0.95, 0, 0.6, 0.45, 0.44, 0.05, 1, 0, 0.7, 0.95	2	-2,0,3
0.05263158, 0, 1, 0.65, 0.4, 0.44, 0.05, 0, 0, 0.7, 0.95, 0, 0.6, 0.4, 0.6, 0.1, 1, 0, 0.7, 0.95	1	-1,2,-4
0.05263158, 0, 0, 0.6, 0.4, 0.6, 0.1, 1, 0, 0.7, 0.95, 1, 0.65, 0.4, 0.44, 0.05, 0, 0, 0.7, 0.95	0	-2,0,4
0.05263158, 0, 0, 0.65, 0.4, 0.44, 0.05, 0, 0, 0.7, 0.95, 1, 0.6, 0.4, 0.52, 0.1, 1, 0, 0.7, 0.95	0	2,-4,1
0.05263158, 0, 1, 0.6, 0.4, 0.52, 0.1, 1, 0, 0.7, 0.95, 0, 0.65, 0.4, 0.44, 0.05, 0, 0, 0.7, 0.95	2	1,-2,-2
0, 0.05263158, 1, 0.6, 0.35, 0.44, 0.05, 0, 0, 0.7, 0.95, 0, 0.6, 0.4, 0.52, 0.15, 1, 0, 0.7, 0.95	1	2,-4,1
0, 0.05263158, 0, 0.6, 0.4, 0.52, 0.15, 1, 0, 0.7, 0.95, 1, 0.6, 0.35, 0.44, 0.05, 0, 0, 0.7, 0.95	2	-2,0,4
0, 0.05263158, 0, 0.6, 0.35, 0.44, 0.05, 0, 0, 0.7, 0.95, 1, 0.6, 0.3, 0.52, 0.2, 0, 0, 0.7, 0.95	1	2,-5,2
0, 0.05263158, 1, 0.6, 0.3, 0.52, 0.2, 0, 0, 0.7, 0.95, 0, 0.6, 0.35, 0.44, 0.05, 0, 0, 0.7, 0.95	2	-1,0,5
0, 0.05263158, 1, 0.6, 0.25, 0.4, 0.05, 0, 0, 0.7, 0.95, 0, 0.6, 0.3, 0.48, 0.2, 1, 0, 0.7, 0.95	1	-3,1,-8
0, 0.05263158, 0, 0.6, 0.3, 0.48, 0.2, 1, 0, 0.7, 0.95, 1, 0.6, 0.25, 0.4, 0.05, 0, 0, 0.7, 0.95	0	-1,0,6
0, 0.05263158, 0, 0.6, 0.25, 0.4, 0.1, 0, 0, 0.7, 0.95, 1, 0.6, 0.3, 0.48, 0.2, 1, 0, 0.7, 0.95	2	2,0,3
0, 0.05263158, 1, 0.6, 0.3, 0.48, 0.2, 1, 0, 0.7, 0.95, 0, 0.6, 0.25, 0.4, 0.1, 0, 0, 0.7, 0.95	1	8,-3,-3
0, 0.05263158, 1, 0.6, 0.35, 0.4, 0.05, 0, 0, 0.7, 0.95, 0, 0.6, 0.3, 0.48, 0.15, 1, 0, 0.7, 0.95	2	4,-5,1
0, 0.05263158, 0, 0.6, 0.3, 0.48, 0.15, 1, 0, 0.7, 0.95, 1, 0.6, 0.35, 0.4, 0.05, 0, 0, 0.7, 0.95	2	8,-3,-1
0.05263158, 0, 0, 0.6, 0.35, 0.4, 0.1, 0, 0, 0.7, 0.95, 1, 0.65, 0.35, 0.48, 0.15, 0, 0, 0.7, 0.95	2	2,0,3
0.05263158, 0, 1, 0.65, 0.35, 0.48, 0.15, 0, 0, 0.7, 0.95, 0, 0.6, 0.35, 0.4, 0.1, 0, 0, 0.7, 0.95	1	6,-3,-2
0, 0.05263158, 1, 0.65, 0.3, 0.4, 0.05, 0, 0, 0.7, 0.95, 0, 0.65, 0.35, 0.48, 0.1, 0, 0, 0.7, 0.95	2	4,-4,1
0, 0.05263158, 0, 0.65, 0.35, 0.48, 0.1, 0, 0, 0.7, 0.95, 1, 0.65, 0.3, 0.4, 0.05, 0, 0, 0.7, 0.95	2	6,-3,-1
0.05263158, 0, 0, 0.65, 0.3, 0.4, 0.1, 0, 0, 0.7, 0.95, 1, 0.7, 0.3, 0.48, 0.1, 0, 0, 0.7, 0.95	2	2,0,3
0.05263158, 0, 1, 0.7, 0.3, 0.48, 0.1, 0, 0, 0.7, 0.95, 0, 0.65, 0.3, 0.4, 0.1, 0, 0, 0.7, 0.95	1	4,-3,-1
0, 0.05263158, 1, 0.7, 0.25, 0.24, 0.1, 0, 0, 0.7, 0.95, 0, 0.7, 0.3, 0.48, 0.1, 0, 0, 0.7, 0.95	2	0,2,-4
0, 0.05263158, 0, 0.7, 0.3, 0.48, 0.1, 0, 0, 0.7, 0.95, 1, 0.7, 0.25, 0.24, 0.1, 0, 0, 0.7, 0.95	0	4,-3,0
0.05263158, 0, 0, 0.7, 0.25, 0.24, 0.05, 0, 0, 0.7, 0.95, 1, 0.75, 0.25, 0.48, 0.05, 0, 0, 0.7, 0.95	2	4,-3,0
0.05263158, 0, 1, 0.75, 0.25, 0.48, 0.05, 0, 0, 0.7, 0.95, 0, 0.7, 0.25, 0.24, 0.05, 0, 0, 0.7, 0.95	2	4,-3,0
0, 0.05263158, 1, 0.75, 0.3, 0.24, 0.05, 0, 0, 0.7, 0.95, 0, 0.75, 0.25, 0.4, 0.05, 0, 0, 0.7, 0.95	0	2,-3,0
0, 0.05263158, 0, 0.75, 0.25, 0.4, 0.05, 0, 0, 0.7, 0.95, 1, 0.75, 0.3, 0.24, 0.05, 0, 0, 0.7, 0.95	2	0,-2,-2
0, 0.05263158, 0, 0.75, 0.3, 0.24, 0.05, 0, 0, 0.7, 0.95, 1, 0.75, 0.35, 0.4, 0.1, 0, 0, 0.7, 0.95	1	2,-3,0
0, 0.05263158, 1, 0.75, 0.35, 0.4, 0.1, 0, 0, 0.7, 0.95, 0, 0.75, 0.3, 0.24, 0.05, 0, 0, 0.7, 0.95	2	-2,0,3
0, 0.05263158, 1, 0.75, 0.4, 0.24, 0.05, 0, 0, 0.7, 0.95, 0, 0.75, 0.35, 0.4, 0.15, 0, 0, 0.7, 0.95	1	2,-4,1
0, 0.05263158, 0, 0.75, 0.35, 0.4, 0.15, 0, 0, 0.7, 0.95, 1, 0.75, 0.4, 0.24, 0.05, 0, 0, 0.7, 0.95	2	-2,0,4
0, 0.05263158, 0, 0.75, 0.4, 0.24, 0.05, 0, 0, 0.7, 0.95, 1, 0.75, 0.45, 0.4, 0.2, 0, 0, 0.7, 0.95	1	2,-5,2
0, 0.05263158, 1, 0.75, 0.45, 0.4, 0.2, 0, 0, 0.7, 0.95, 0, 0.75, 0.4, 0.24, 0.05, 0, 0, 0.7, 0.95	2	-1,0,5
0, 0.05263158, 1, 0.75, 0.5, 0.24, 0.1, 0, 0, 0.7, 0.95, 0, 0.75, 0.45, 0.4, 0.2, 0, 0, 0.7, 0.95	2	2,0,3
0, 0.05263158, 0, 0.75, 0.45, 0.4, 0.2, 0, 0, 0.7, 0.95, 1, 0.75, 0.5, 0.24, 0.1, 0, 0, 0.7, 0.95	1	8,-3,-3
0.05263158, 0, 0, 0.75, 0.5, 0.08, 0.1, 0, 0, 0.7, 0.95, 1, 0.8, 0.5, 0.32, 0.2, 0, 0, 0.7, 0.95	0	-2,1,-8
0.05263158, 0, 1, 0.8, 0.5, 0.32, 0.2, 0, 0, 0.7, 0.95, 0, 0.75, 0.5, 0.08, 0.1, 0, 0, 0.7, 0.95	0	2,-2,-4
0.05263158, 0, 1, 0.85, 0.5, 0, 0.1, 0, 0, 0.7, 0.95, 0, 0.8, 0.5, 0.24, 0.2, 0, 0, 0.7, 0.95	0	-2,1,-8
0.05263158, 0, 0, 0.8, 0.5, 0.24, 0.2, 0, 0, 0.7, 0.95, 1, 0.85, 0.5, 0, 0.1, 0, 0, 0.7, 0.95	0	2,-2,-4
0.05263158, 0, 1, 0.6, 0.5, 1, 0.1, 0, 0, 0, 0, 0, 0.55, 0.5, 0.84, 0.1, 0, 0, 0, 0	0	4,-3,0
0.05263158, 0, 0, 0.55, 0.5, 0.84, 0.1, 0, 0, 0, 0, 1, 0.6, 0.5, 1, 0.1, 0, 0, 0, 0	2	0,-2,-4
0, 0.05263158, 0, 0.6, 0.5, 0.96, 0.1, 1, 0, 0, 0, 1, 0.6, 0.45, 0.84, 0.1, 0, 0, 0, 0	0	2,0,3
0, 0.05263158, 1, 0.6, 0.45, 0.84, 0.1, 0, 0, 0, 0, 0, 0.6, 0.5, 0.96, 0.1, 1, 0, 0, 0	1	0,-2,-4
0, 0.05263158, 1, 0.6, 0.5, 0.8, 0.1, 1, 0, 0, 0, 0, 0.6, 0.45, 0.84, 0.1, 0, 0, 0, 0	2	0,2,-4
0, 0.05263158, 0, 0.6, 0.45, 0.84, 0.1, 0, 0, 0, 0, 1, 0.6, 0.5, 0.8, 0.1, 1, 0, 0, 0	0	4,-3,0
0.05263158, 0, 0, 0.6, 0.5, 0.64, 0.1, 1, 0, 0, 0, 1, 0.65, 0.5, 0.84, 0.1, 0, 0, 0, 0	2	0,2,-4
0.05263158, 0, 1, 0.65, 0.5, 0.84, 0.1, 0, 0, 0, 0, 0, 0.6, 0.5, 0.64, 0.1, 1, 0, 0, 0	0	4,-3,0
0, 0.05263158, 1, 0.65, 0.55, 0.56, 0.1, 0, 0, 0, 0, 0, 0.65, 0.5, 0.76, 0.1, 0, 0, 0, 0	0	0,2,-4
0, 0.05263158, 0, 0.65, 0.5, 0.76, 0.1, 0, 0, 0, 0, 1, 0.65, 0.55, 0.56, 0.1, 0, 0, 0, 0	0	0,-2,-4
0.05263158, 0, 0, 0.65, 0.55, 0.48, 0.1, 0, 0, 0, 0, 1, 0.7, 0.55, 0.68, 0.1, 0, 0, 0, 0	0	0,2,-4
0.05263158, 0, 1, 0.7, 0.55, 0.68, 0.1, 0, 0, 0, 0, 0, 0.65, 0.55, 0.48, 0.1, 0, 0, 0, 0	0	0,-2,-4
0, 0.05263158, 1, 0.7, 0.5, 0.48, 0.1, 0, 0, 0, 0, 0, 0.7, 0.55, 0.68, 0.15, 0, 0, 0, 0	1	4,-3,0
0, 0.05263158, 0, 0.7, 0.55, 0.68, 0.15, 0, 0, 0, 0, 1, 0.7, 0.5, 0.48, 0.1, 0, 0, 0, 0	2	-2,0,3
0.05263158, 0, 0, 0.7, 0.5, 0.36, 0.1, 0, 0, 0, 0, 1, 0.65, 0.5, 0.6, 0.15, 0, 0, 0, 0	0	-1,1,-6
0.05263158, 0, 1, 0.65, 0.5, 0.6, 0.15, 0, 0, 0, 0, 0, 0.7, 0.5, 0.36, 0.1, 0, 0, 0, 0	0	1,-2,-4
0, 0.1578947, 1, 0.65, 0.4, 0.36, 0.1, 0, 0, 0, 0, 0, 0.65, 0.55, 0.6, 0.15, 0, 0, 0, 0	1	2,0,3
0, 0.1578947, 0, 0.65, 0.55, 0.6, 0.15, 0, 0, 0, 0, 1, 0.65, 0.4, 0.36, 0.1, 0, 0, 0, 0	1	-1,0,4
0.05263158, 0, 0, 0.65, 0.4, 0.36, 0.05, 0, 0, 0, 0, 1, 0.7, 0.4, 0.6, 0.1, 0, 0, 0, 0	2	4,-4,1
0.05263158, 0, 1, 0.7, 0.4, 0.6, 0.1, 0, 0, 0, 0, 0, 0.65, 0.4, 0.36, 0.05, 0, 0, 0, 0	2	6,-3,-1
0, 0.05263158, 1, 0.7, 0.45, 0.36, 0.05, 0, 0, 0, 0, 0, 0.7, 0.4, 0.52, 0.1, 0, 0, 0, 0	0	2,-4,1
0, 0.05263158, 0, 0.7, 0.4, 0.52, 0.1, 0, 0, 0, 0, 1, 0.7, 0.45, 0.36, 0.05, 0, 0, 0, 0	2	1,-2,-2
0.05263158, 0, 0, 0.7, 0.45, 0.28, 0.05, 0, 0, 0, 0, 1, 0.75, 0.45, 0.48, 0.1, 0, 0, 0, 0	0	-1,2,-4
0.05263158, 0, 1, 0.75, 0.45, 0.48, 0.1, 0, 0, 0, 0, 0, 0.7, 0.45, 0.28, 0.05, 0, 0, 0, 0	0	1,-2,-2
0, 0.05263158, 1, 0.75, 0.4, 0.28, 0.05, 0, 0, 0, 0, 0, 0.75, 0.45, 0.4, 0.1, 0, 0, 0, 0	0	2,-4,1
0, 0.05263158, 0, 0.75, 0.45, 0.4, 0.1, 0, 0, 0, 0, 1, 0.75, 0.4, 0.28, 0.05, 0, 0, 0, 0	2	1,-2,-2
0.1052632, 0, 0, 0.75, 0.4, 0.28, 0.05, 0, 0, 0, 0, 1, 0.65, 0.4, 0.4, 0.1, 0, 0, 0, 0	1	2,0,3
0.1052632, 0, 1, 0.65, 0.4, 0.4, 0.1, 0, 0, 0, 0, 0, 0.75, 0.4, 0.28, 0.05, 0, 0, 0, 0	1	-2,0,4
0.05263158, 0, 1, 0.7, 0.4, 0.28, 0.05, 0, 0, 0, 0, 0, 0.65, 0.4, 0.4, 0.15, 0, 0, 0, 0	1	2,-4,1
0.05263158, 0, 0, 0.65, 0.4, 0.4, 0.15, 0, 0, 0, 0, 1, 0.7, 0.4, 0.28, 0.05, 0, 0, 0, 0	2	-2,0,4
0.05263158, 0, 0, 0.7, 0.4, 0.28, 0.1, 0, 0, 0, 0, 1, 0.75, 0.4, 0.4, 0.15, 0, 0, 0, 0	2	2,0,3
0.05263158, 0, 1, 0.75, 0.4, 0.4, 0.15, 0, 0, 0, 0, 0, 0.7, 0.4, 0.28, 0.1, 0, 0, 0, 0	1	6,-3,-2
0, 0.05263158, 1, 0.75, 0.35, 0.28, 0.1, 0, 0, 0, 0, 0, 0.75, 0.4, 0.24, 0.15, 0, 0, 0, 0	0	4,-4,1
0, 0.05263158, 0, 0.75, 0.4, 0.24, 0.15, 0, 0, 0, 0, 1, 0.75, 0.35, 0.28, 0.1, 0, 0, 0, 0	2	1,-2,-4
0, 0.05263158, 0, 0.75, 0.35, 0.04, 0.1, 0, 0, 0, 0, 1, 0.75, 0.3, 0.24, 0.15, 0, 0, 0, 0	2	-1,1,-6
0, 0.05263158, 1, 0.75, 0.3, 0.24, 0.15, 0, 0, 0, 0, 0, 0.75, 0.35, 0.04, 0.1, 0, 0, 0, 0	0	6,-3,-1
0, 0.05263158, 1, 0.75, 0.25, 0.04, 0.15, 0, 0, 0, 0, 0, 0.75, 0.3, 0.24, 0.15, 0, 0, 0, 0	2	2,0,3
0, 0.05263158, 0, 0.75, 0.3, 0.24, 0.15, 0, 0, 0, 0, 1, 0.75, 0.25, 0.04, 0.15, 0, 0, 0, 0	1	6,-3,-1
0.05263158, 0, 0, 0.75, 0.25, 0.04, 0.15, 0, 0, 0, 0, 1, 0.7, 0.25, 0, 0.15, 0, 0, 0, 0	0	6,-3,0
0.05263158, 0, 1, 0.7, 0.25, 0, 0.15, 0, 0, 0, 0, 0, 0.75, 0.25, 0.04, 0.15, 0, 0, 0, 0	2	0,-1,-6
0, 0.05263158, 1, 0.55, 0.45, 0.96, 0.1, 1, 0, 0, 0, 0, 0.55, 0.5, 1, 0.1, 0, 0, 0, 0	0	2,0,3
0, 0.05263158, 0, 0.55, 0.5, 1, 0.1, 0, 0, 0, 0, 1, 0.55, 0.45, 0.96, 0.1, 1, 0, 0, 0	1	0,-2,-4
0, 0.05263158, 0, 0.55, 0.45, 0.96, 0.15, 1, 0, 0, 0, 1, 0.55, 0.4, 1, 0.1, 0, 0, 0, 0	2	2,0,3
0, 0.05263158, 1, 0.55, 0.4, 1, 0.1, 0, 0, 0, 0, 0, 0.55, 0.45, 0.96, 0.15, 1, 0, 0, 0	1	4,-3,0
0, 0.05263158, 1, 0.55, 0.45, 0.96, 0.15, 1, 0, 0, 0, 0, 0.55, 0.4, 0.96, 0.1, 1, 0, 0, 0	1	1,2,-4
0, 0.05263158, 0, 0.55, 0.4, 0.96, 0.1, 1, 0, 0, 0, 1, 0.55, 0.45, 0.96, 0.15, 1, 0, 0, 0	0	-2,0,3
0, 0.05263158, 0, 0.55, 0.45, 0.96, 0.15, 0, 0, 0, 0, 1, 0.55, 0.4, 0.96, 0.15, 1, 0, 0, 0	1	6,-3,-1
0, 0.05263158, 1, 0.55, 0.4, 0.96, 0.15, 1, 0, 0, 0, 0, 0.55, 0.45, 0.96, 0.15, 0, 0, 0, 0	2	-2,0,3
0.05263158, 0, 1, 0.6, 0.4, 0.92, 0.15, 1, 0, 0, 0, 0, 0.55, 0.4, 0.92, 0.15, 1, 0, 0, 0	0	1,0,3
0.05263158, 0, 0, 0.55, 0.4, 0.92, 0.15, 1, 0, 0, 0, 1, 0.6, 0.4, 0.92, 0.15, 1, 0, 0, 0	1	0,-1,-6
0.05263158, 0, 0, 0.6, 0.4, 0.88, 0.15, 1, 0, 0, 0, 1, 0.65, 0.4, 0.88, 0.15, 1, 0, 0, 0	1	0,1,-6
0.05263158, 0, 1, 0.65, 0.4, 0.88, 0.15, 1, 0, 0, 0, 0, 0.6, 0.4, 0.88, 0.15, 1, 0, 0, 0	0	-1,0,3
0.1578947, 0, 1, 0.55, 0.4, 0.88, 0.15, 1, 0, 0, 0, 0, 0.7, 0.4, 0.88, 0.15, 1, 0, 0, 0	1	1,0,3
0.1578947, 0, 0, 0.7, 0.4, 0.88, 0.15, 1, 0, 0, 0, 1, 0.55, 0.4, 0.88, 0.15, 1, 0, 0, 0	1	-1,0,3
0, 0.05263158, 1, 0.7, 0.35, 0.88, 0.15, 0, 0, 0, 0, 0, 0.7, 0.4, 0.64, 0.15, 0, 0, 0, 0	0	6,-3,0
0, 0.05263158, 0, 0.7, 0.4, 0.64, 0.15, 0, 0, 0, 0, 1, 0.7, 0.35, 0.88, 0.15, 0, 0, 0, 0	2	0,-1,-6
0.05263158, 0, 0, 0.7, 0.35, 0.88, 0.2, 0, 0, 0, 0, 1, 0.65, 0.35, 0.64, 0.15, 0, 0, 0, 0	2	1,0,3
0.05263158, 0, 1, 0.65, 0.35, 0.64, 0.15, 0, 0, 0, 0, 0, 0.7, 0.35, 0.88, 0.2, 0, 0, 0, 0	1	6,-3,0
0, 0.05263158, 1, 0.65, 0.4, 0.88, 0.15, 0, 0, 0, 0, 0, 0.65, 0.35, 0.64, 0.1, 0, 0, 0, 0	2	8,-3,-1
0, 0.05263158, 0, 0.65, 0.35, 0.64, 0.1, 0, 0, 0, 0, 1, 0.65, 0.4, 0.88, 0.15, 0, 0, 0, 0	2	6,-4,1
0.05263158, 0, 0, 0.65, 0.4, 0.88, 0.15, 0, 0, 0, 0, 1, 0.7, 0.4, 0.64, 0.15, 0, 0, 0, 0	1	6,-3,-1
0.05263158, 0, 1, 0.7, 0.4, 0.64, 0.15, 0, 0, 0, 0, 0, 0.65, 0.4, 0.88, 0.15, 0, 0, 0, 0	2	-2,0,3
0, 0.05263158, 1, 0.7, 0.35, 0.88, 0.1, 0, 0, 0, 0, 0, 0.7, 0.4, 0.64, 0.1, 0, 0, 0, 0	2	6,-3,0
0, 0.05263158, 0, 0.7, 0.4, 0.64, 0.1, 0, 0, 0, 0, 1, 0.7, 0.35, 0.88, 0.1, 0, 0, 0, 0	2	6,-3,0
0, 0.05263158, 0, 0.7, 0.35, 0.8, 0.1, 0, 0, 0, 0, 1, 0.7, 0.3, 0.56, 0.1, 0, 0, 0, 0	0	0,2,-4
0, 0.05263158, 1, 0.7, 0.3, 0.56, 0.1, 0, 0, 0, 0, 0, 0.7, 0.35, 0.8, 0.1, 0, 0, 0, 0	0	0,-2,-4
0.05263158, 0, 1, 0.65, 0.3, 0.72, 0.1, 0, 0, 0, 0, 0, 0.7, 0.3, 0.48, 0.1, 0, 0, 0, 0	0	0,2,-4
0.05263158, 0, 0, 0.7, 0.3, 0.48, 0.1, 0, 0, 0, 0, 1, 0.65, 0.3, 0.72, 0.1, 0, 0, 0, 0	0	0,-2,-4
0, 0.05263158, 0, 0.65, 0.3, 0.72, 0.1, 0, 0, 0, 0, 1, 0.65, 0.35, 0.32, 0.1, 0, 0, 0, 0	0	4,-3,0
0, 0.05263158, 1, 0.65, 0.35, 0.32, 0.1, 0, 0, 0, 0, 0, 0.65, 0.3, 0.72, 0.1, 0, 0, 0, 0	2	0,-2,-4
0.05263158, 0, 1, 0.7, 0.35, 0.68, 0.1, 1, 0, 0, 0, 0, 0.65, 0.35, 0.32, 0.1, 0, 0, 0, 0	0	2,0,3
0.05263158, 0, 0, 0.65, 0.35, 0.32, 0.1, 0, 0, 0, 0, 1, 0.7, 0.35, 0.68, 0.1, 1, 0, 0, 0	1	0,-2,-4
0.05263158, 0, 0, 0.7, 0.35, 0.68, 0.15, 1, 0, 0, 0, 1, 0.75, 0.35, 0.32, 0.1, 0, 0, 0, 0	2	2,0,3
0.05263158, 0, 1, 0.75, 0.35, 0.32, 0.1, 0, 0, 0, 0, 0, 0.7, 0.35, 0.68, 0.15, 1, 0, 0, 0	1	4,-3,0
0.1052632, 0, 1, 0.65, 0.35, 0.68, 0.15, 1, 0, 0, 0, 0, 0.75, 0.35, 0.32, 0.1, 0, 0, 0, 0	1	1,0,4
0.1052632, 0, 0, 0.75, 0.35, 0.32, 0.1, 0, 0, 0, 0, 1, 0.65, 0.35, 0.68, 0.15, 1, 0, 0, 0	1	-2,0,3
0, 0.05263158, 0, 0.65, 0.35, 0.68, 0.2, 0, 0, 0, 0, 1, 0.65, 0.3, 0.32, 0.1, 0, 0, 0, 0	2	1,0,4
0, 0.05263158, 1, 0.65, 0.3, 0.32, 0.1, 0, 0, 0, 0, 0, 0.65, 0.35, 0.68, 0.2, 0, 0, 0, 0	1	4,-4,1
0.05263158, 0, 1, 0.7, 0.3, 0.68, 0.2, 0, 0, 0, 0, 0, 0.65, 0.3, 0, 0.1, 0, 0, 0, 0	0	8,-3,-1
0.05263158, 0, 0, 0.65, 0.3, 0, 0.1, 0, 0, 0, 0, 1, 0.7, 0.3, 0.68, 0.2, 0, 0, 0, 0	2	-2,-1,-80.05263158, 0, 1, 0.6, 0.5, 0.96, 0.1, 1, 0, 0, 0, 0, 0.55, 0.5, 1, 0.1, 0, 0, 0, 0	0	2,0,3
0.05263158, 0, 0, 0.55, 0.5, 1, 0.1, 0, 0, 0, 0, 1, 0.6, 0.5, 0.96, 0.1, 1, 0, 0, 0	1	0,-2,-4
0, 0.05263158, 0, 0.6, 0.5, 0.96, 0.15, 1, 0, 0, 0, 1, 0.6, 0.45, 1, 0.1, 0, 0, 0, 0	2	2,0,3
0, 0.05263158, 1, 0.6, 0.45, 1, 0.1, 0, 0, 0, 0, 0, 0.6, 0.5, 0.96, 0.15, 1, 0, 0, 0	1	4,-3,0
0, 0.05263158, 1, 0.6, 0.5, 0.96, 0.15, 1, 0, 0, 0, 0, 0.6, 0.45, 1, 0.15, 0, 0, 0, 0	1	6,-3,-1
0, 0.05263158, 0, 0.6, 0.45, 1, 0.15, 0, 0, 0, 0, 1, 0.6, 0.5, 0.96, 0.15, 1, 0, 0, 0	2	-2,0,3
0, 0.1578947, 0, 0.6, 0.45, 0.96, 0.15, 0, 0, 0, 0, 1, 0.6, 0.6, 1, 0.15, 0, 0, 0, 0	1	1,0,3
0, 0.1578947, 1, 0.6, 0.6, 1, 0.15, 0, 0, 0, 0, 0, 0.6, 0.45, 0.96, 0.15, 0, 0, 0, 0	1	-1,0,3
0.05263158, 0, 1, 0.4, 0.55, 1, 0.05, 0, 0, 0, 0, 0, 0.45, 0.55, 1, 0.05, 0, 0, 0, 0	2	4,-3,0
0.05263158, 0, 0, 0.45, 0.55, 1, 0.05, 0, 0, 0, 0, 1, 0.4, 0.55, 1, 0.05, 0, 0, 0, 0	2	4,-3,0
0, 0.1578947, 0, 0.4, 0.5, 1, 0.05, 0, 0, 0, 0, 1, 0.4, 0.65, 1, 0.05, 0, 0, 0, 0	1	2,0,3
0, 0.1578947, 1, 0.4, 0.65, 1, 0.05, 0, 0, 0, 0, 0, 0.4, 0.5, 1, 0.05, 0, 0, 0, 0	1	-2,0,3
0.05263158, 0, 1, 0.6, 0.5, 0.84, 0.1, 0, 0, 0, 0, 0, 0.55, 0.5, 1, 0.1, 0, 0, 0, 0	2	0,2,-4
0.05263158, 0, 0, 0.55, 0.5, 1, 0.1, 0, 0, 0, 0, 1, 0.6, 0.5, 0.84, 0.1, 0, 0, 0, 0	0	4,-3,0
0.05263158, 0, 1, 0.6, 0.5, 1, 0.1, 0, 0, 0, 0, 0, 0.55, 0.5, 0.96, 0.1, 1, 0, 0, 0	1	0,2,-4
0.05263158, 0, 0, 0.55, 0.5, 0.96, 0.1, 1, 0, 0, 0, 1, 0.6, 0.5, 1, 0.1, 0, 0, 0, 0	0	-2,0,3
0.05263158, 0, 0, 0.6, 0.5, 1, 0.1, 0, 0, 0, 0, 1, 0.55, 0.5, 0.8, 0.1, 1, 0, 0, 0	0	4,-3,0
0.05263158, 0, 1, 0.55, 0.5, 0.8, 0.1, 1, 0, 0, 0, 0, 0.6, 0.5, 1, 0.1, 0, 0, 0, 0	2	0,-2,-4
0, 0.05263158, 1, 0.55, 0.55, 1, 0.1, 0, 0, 0, 0, 0, 0.55, 0.5, 0.64, 0.1, 1, 0, 0, 0	0	4,-3,0
0, 0.05263158, 0, 0.55, 0.5, 0.64, 0.1, 1, 0, 0, 0, 1, 0.55, 0.55, 1, 0.1, 0, 0, 0, 0	2	0,-2,-4
0.05263158, 0, 1, 0.6, 0.5, 0.84, 0.1, 0, 0, 0, 0, 0, 0.55, 0.5, 1, 0.1, 0, 0, 0, 0	2	0,2,-4
0.05263158, 0, 0, 0.55, 0.5, 1, 0.1, 0, 0, 0, 0, 1, 0.6, 0.5, 0.84, 0.1, 0, 0, 0, 0	0	4,-3,0
0, 0.05263158, 0, 0.6, 0.5, 0.84, 0.1, 0, 0, 0, 0, 1, 0.6, 0.45, 0.96, 0.1, 1, 0, 0, 0	1	0,2,-4
0, 0.05263158, 1, 0.6, 0.45, 0.96, 0.1, 1, 0, 0, 0, 0, 0.6, 0.5, 0.84, 0.1, 0, 0, 0, 0	0	-2,0,3
0.05263158, 0, 1, 0.65, 0.45, 0.84, 0.05, 0, 0, 0, 0, 0, 0.6, 0.45, 0.96, 0.05, 1, 0, 0, 0	2	4,-3,0
0.05263158, 0, 0, 0.6, 0.45, 0.96, 0.05, 1, 0, 0, 0, 1, 0.65, 0.45, 0.84, 0.05, 0, 0, 0, 0	2	4,-3,0
0.05263158, 0, 0, 0.65, 0.45, 0.84, 0.05, 0, 0, 0, 0, 1, 0.6, 0.45, 0.88, 0.05, 1, 0, 0, 0	0	2,-3,0
0.05263158, 0, 1, 0.6, 0.45, 0.88, 0.05, 1, 0, 0, 0, 0, 0.65, 0.45, 0.84, 0.05, 0, 0, 0, 0	2	0,-2,-2
0, 0.05263158, 1, 0.6, 0.4, 0.8, 0.05, 0, 0, 0, 0, 0, 0.6, 0.45, 0.84, 0.05, 0, 0, 0, 0	0	0,2,-2
0, 0.05263158, 0, 0.6, 0.45, 0.84, 0.05, 0, 0, 0, 0, 1, 0.6, 0.4, 0.8, 0.05, 0, 0, 0, 0	0	0,-2,-2
0.05263158, 0, 1, 0.6, 0.5, 0.84, 0.1, 0, 0, 0, 0, 0, 0.55, 0.5, 1, 0.1, 0, 0, 0, 0	2	0,2,-4
0.05263158, 0, 0, 0.55, 0.5, 1, 0.1, 0, 0, 0, 0, 1, 0.6, 0.5, 0.84, 0.1, 0, 0, 0, 0	0	4,-3,0
0.05263158, 0, 0, 0.6, 0.5, 0.68, 0.1, 0, 0, 0, 0, 1, 0.65, 0.5, 1, 0.1, 0, 0, 0, 0	2	0,2,-4
0.05263158, 0, 1, 0.65, 0.5, 1, 0.1, 0, 0, 0, 0, 0, 0.6, 0.5, 0.68, 0.1, 0, 0, 0, 0	0	4,-3,0
0, 0.05263158, 1, 0.65, 0.45, 0.68, 0.1, 0, 0, 0, 0, 0, 0.65, 0.5, 0.96, 0.1, 1, 0, 0, 0	1	0,2,-4
0, 0.05263158, 0, 0.65, 0.5, 0.96, 0.1, 1, 0, 0, 0, 1, 0.65, 0.45, 0.68, 0.1, 0, 0, 0, 0	0	-2,0,3
0, 0.05263158, 0, 0.65, 0.45, 0.68, 0.1, 0, 0, 0, 0, 1, 0.65, 0.5, 0.96, 0.15, 1, 0, 0, 0	1	4,-3,0
0, 0.05263158, 1, 0.65, 0.5, 0.96, 0.15, 1, 0, 0, 0, 0, 0.65, 0.45, 0.68, 0.1, 0, 0, 0, 0	2	-2,0,3
0.05263158, 0, 1, 0.7, 0.5, 0.68, 0.05, 0, 0, 0, 0, 0, 0.65, 0.5, 0.96, 0.1, 1, 0, 0, 0	2	4,-4,1
0.05263158, 0, 0, 0.65, 0.5, 0.96, 0.1, 1, 0, 0, 0, 1, 0.7, 0.5, 0.68, 0.05, 0, 0, 0, 0	2	6,-3,-1
0, 0.05263158, 0, 0.7, 0.5, 0.6, 0.05, 0, 0, 0, 0, 1, 0.7, 0.55, 0.92, 0.1, 0, 0, 0, 0	0	-1,2,-4
0, 0.05263158, 1, 0.7, 0.55, 0.92, 0.1, 0, 0, 0, 0, 0, 0.7, 0.5, 0.6, 0.05, 0, 0, 0, 0	0	1,-2,-2
0.05263158, 0, 1, 0.75, 0.55, 0.44, 0.05, 0, 0, 0, 0, 0, 0.7, 0.55, 0.92, 0.1, 0, 0, 0, 0	2	-1,2,-4
0.05263158, 0, 0, 0.7, 0.55, 0.92, 0.1, 0, 0, 0, 0, 1, 0.75, 0.55, 0.44, 0.05, 0, 0, 0, 0	0	4,-3,-1
0, 0.05263158, 0, 0.75, 0.55, 0.28, 0.05, 0, 0, 0, 0, 1, 0.75, 0.6, 0.92, 0.1, 0, 0, 0, 0	2	-1,2,-4
0, 0.05263158, 1, 0.75, 0.6, 0.92, 0.1, 0, 0, 0, 0, 0, 0.75, 0.55, 0.28, 0.05, 0, 0, 0, 0	0	4,-3,-1
0.05263158, 0, 1, 0.7, 0.6, 0.2, 0.05, 0, 0, 0, 0, 0, 0.75, 0.6, 0.88, 0.1, 0, 0, 0, 0	0	-1,2,-4
0.05263158, 0, 0, 0.75, 0.6, 0.88, 0.1, 0, 0, 0, 0, 1, 0.7, 0.6, 0.2, 0.05, 0, 0, 0, 0	0	1,-2,-2
0.05263158, 0, 0, 0.7, 0.6, 0.12, 0.05, 0, 0, 0, 0, 1, 0.65, 0.6, 0.84, 0.1, 0, 0, 0, 0	0	-1,2,-4
0.05263158, 0, 1, 0.65, 0.6, 0.84, 0.1, 0, 0, 0, 0, 0, 0.7, 0.6, 0.12, 0.05, 0, 0, 0, 0	0	1,-2,-2
0, 0.05263158, 1, 0.65, 0.65, 0.04, 0.05, 0, 0, 0, 0, 0, 0.65, 0.6, 0.8, 0.1, 0, 0, 0, 0	0	-1,2,-4
0, 0.05263158, 0, 0.65, 0.6, 0.8, 0.1, 0, 0, 0, 0, 1, 0.65, 0.65, 0.04, 0.05, 0, 0, 0, 0	0	1,-2,-2
0.05263158, 0, 0, 0.65, 0.65, 0, 0.05, 0, 0, 0, 0, 1, 0.7, 0.65, 0.76, 0.1, 0, 0, 0, 0	0	-1,2,-4
0.05263158, 0, 1, 0.7, 0.65, 0.76, 0.1, 0, 0, 0, 0, 0, 0.65, 0.65, 0, 0.05, 0, 0, 0, 0	0	1,-2,-2
0.05263158, 0, 1, 0.4, 0.55, 0.84, 0.1, 0, 0, 0, 0, 0, 0.45, 0.55, 1, 0.1, 0, 0, 0, 0	2	0,2,-4
0.05263158, 0, 0, 0.45, 0.55, 1, 0.1, 0, 0, 0, 0, 1, 0.4, 0.55, 0.84, 0.1, 0, 0, 0, 0	0	4,-3,0
0, 0.05263158, 0, 0.4, 0.55, 0.84, 0.1, 0, 0, 0, 0, 1, 0.4, 0.6, 0.96, 0.1, 1, 0, 0, 0	1	0,2,-4
0, 0.05263158, 1, 0.4, 0.6, 0.96, 0.1, 1, 0, 0, 0, 0, 0.4, 0.55, 0.84, 0.1, 0, 0, 0, 0	0	-2,0,3
0.05263158, 0, 1, 0.35, 0.6, 0.84, 0.05, 0, 0, 0, 0, 0, 0.4, 0.6, 0.96, 0.05, 1, 0, 0, 0	2	4,-3,0
0.05263158, 0, 0, 0.4, 0.6, 0.96, 0.05, 1, 0, 0, 0, 1, 0.35, 0.6, 0.84, 0.05, 0, 0, 0, 0	2	4,-3,0
0.05263158, 0, 0, 0.35, 0.6, 0.84, 0.05, 0, 0, 0, 0, 1, 0.4, 0.6, 0.96, 0.05, 1, 0, 0, 0	2	2,-3,0
0.05263158, 0, 1, 0.4, 0.6, 0.96, 0.05, 1, 0, 0, 0, 0, 0.35, 0.6, 0.84, 0.05, 0, 0, 0, 0	2	2,-3,0
0, 0.05263158, 1, 0.4, 0.65, 0.8, 0.05, 0, 0, 0, 0, 0, 0.4, 0.6, 0.92, 0.05, 0, 0, 0, 0	0	0,2,-2
0, 0.05263158, 0, 0.4, 0.6, 0.92, 0.05, 0, 0, 0, 0, 1, 0.4, 0.65, 0.8, 0.05, 0, 0, 0, 0	0	0,-2,-2
0, 0.05263158, 1, 0.55, 0.45, 0.92, 0.1, 0, 0, 0, 0, 0, 0.55, 0.5, 0.92, 0.1, 0, 0, 0, 0	0	0,2,-4
0, 0.05263158, 0, 0.55, 0.5, 0.92, 0.1, 0, 0, 0, 0, 1, 0.55, 0.45, 0.92, 0.1, 0, 0, 0, 0	0	0,-2,-4
0, 0.05263158, 0, 0.55, 0.45, 0.84, 0.1, 0, 0, 0, 0, 1, 0.55, 0.4, 0.84, 0.1, 0, 0, 0, 0	0	0,2,-4
0, 0.05263158, 1, 0.55, 0.4, 0.84, 0.1, 0, 0, 0, 0, 0, 0.55, 0.45, 0.84, 0.1, 0, 0, 0, 0	0	0,-2,-4
0.05263158, 0, 1, 0.6, 0.4, 0.68, 0.1, 0, 0, 0, 0, 0, 0.55, 0.4, 0.84, 0.1, 0, 0, 0, 0	2	0,2,-4
0.05263158, 0, 0, 0.55, 0.4, 0.84, 0.1, 0, 0, 0, 0, 1, 0.6, 0.4, 0.68, 0.1, 0, 0, 0, 0	0	4,-3,0
0, 0.05263158, 0, 0.6, 0.4, 0.52, 0.1, 0, 0, 0, 0, 1, 0.6, 0.45, 0.84, 0.1, 0, 0, 0, 0	2	0,2,-4
0, 0.05263158, 1, 0.6, 0.45, 0.84, 0.1, 0, 0, 0, 0, 0, 0.6, 0.4, 0.52, 0.1, 0, 0, 0, 0	0	4,-3,0
0.05263158, 0, 1, 0.65, 0.45, 0.36, 0.1, 0, 0, 0, 0, 0, 0.6, 0.45, 0.84, 0.1, 0, 0, 0, 0	2	0,2,-4
0.05263158, 0, 0, 0.6, 0.45, 0.84, 0.1, 0, 0, 0, 0, 1, 0.65, 0.45, 0.36, 0.1, 0, 0, 0, 0	0	4,-3,0
0.05263158, 0, 1, 0.55, 0.55, 0.84, 0.1, 0, 0, 0, 0, 0, 0.5, 0.55, 1, 0.1, 0, 0, 0, 0	2	0,2,-4
0.05263158, 0, 0, 0.5, 0.55, 1, 0.1, 0, 0, 0, 0, 1, 0.55, 0.55, 0.84, 0.1, 0, 0, 0, 0	0	4,-3,0
0.05263158, 0, 0, 0.55, 0.55, 0.68, 0.1, 0, 0, 0, 0, 1, 0.6, 0.55, 1, 0.1, 0, 0, 0, 0	2	0,2,-4
0.05263158, 0, 1, 0.6, 0.55, 1, 0.1, 0, 0, 0, 0, 0, 0.55, 0.55, 0.68, 0.1, 0, 0, 0, 0	0	4,-3,0
0, 0.05263158, 1, 0.6, 0.6, 0.6, 0.1, 0, 0, 0, 0, 0, 0.6, 0.55, 0.92, 0.1, 0, 0, 0, 0	0	0,2,-4
0, 0.05263158, 0, 0.6, 0.55, 0.92, 0.1, 0, 0, 0, 0, 1, 0.6, 0.6, 0.6, 0.1, 0, 0, 0, 0	0	0,-2,-4
0, 0.05263158, 0, 0.6, 0.6, 0.6, 0.1, 0, 0, 0, 0, 1, 0.6, 0.65, 0.88, 0.1, 1, 0, 0, 0	1	0,2,-4
0, 0.05263158, 1, 0.6, 0.65, 0.88, 0.1, 1, 0, 0, 0, 0, 0.6, 0.6, 0.6, 0.1, 0, 0, 0, 0	0	-2,0,3
0, 0.05263158, 1, 0.6, 0.7, 0.6, 0.1, 0, 0, 0, 0, 0, 0.6, 0.65, 0.72, 0.1, 1, 0, 0, 0	0	4,-3,0
0, 0.05263158, 0, 0.6, 0.65, 0.72, 0.1, 1, 0, 0, 0, 1, 0.6, 0.7, 0.6, 0.1, 0, 0, 0, 0	2	0,-2,-4
0, 0.05263158, 0, 0.6, 0.7, 0.6, 0.05, 0, 0, 0, 0, 1, 0.6, 0.65, 0.72, 0.05, 1, 0, 0, 0	2	4,-3,0
0, 0.05263158, 1, 0.6, 0.65, 0.72, 0.05, 1, 0, 0, 0, 0, 0.6, 0.7, 0.6, 0.05, 0, 0, 0, 0	2	4,-3,0
0.05263158, 0, 1, 0.65, 0.65, 0.56, 0.05, 0, 0, 0, 0, 0, 0.6, 0.65, 0.68, 0.05, 0, 0, 0, 0	0	0,2,-2
0.05263158, 0, 0, 0.6, 0.65, 0.68, 0.05, 0, 0, 0, 0, 1, 0.65, 0.65, 0.56, 0.05, 0, 0, 0, 0	0	0,-2,-2
0, 0.05263158, 1, 0.55, 0.45, 0.92, 0.1, 0, 0, 0, 0, 0, 0.55, 0.5, 0.92, 0.1, 0, 0, 0, 0	0	0,2,-4
0, 0.05263158, 0, 0.55, 0.5, 0.92, 0.1, 0, 0, 0, 0, 1, 0.55, 0.45, 0.92, 0.1, 0, 0, 0, 0	0	0,-2,-4
0, 0.05263158, 0, 0.55, 0.45, 0.76, 0.1, 0, 0, 0, 0, 1, 0.55, 0.4, 0.92, 0.1, 0, 0, 0, 0	2	0,2,-4
0, 0.05263158, 1, 0.55, 0.4, 0.92, 0.1, 0, 0, 0, 0, 0, 0.55, 0.45, 0.76, 0.1, 0, 0, 0, 0	0	4,-3,0
0, 0.05263158, 1, 0.55, 0.35, 0.6, 0.1, 0, 0, 0, 0, 0, 0.55, 0.4, 0.92, 0.1, 0, 0, 0, 0	2	0,2,-4
0, 0.05263158, 0, 0.55, 0.4, 0.92, 0.1, 0, 0, 0, 0, 1, 0.55, 0.35, 0.6, 0.1, 0, 0, 0, 0	0	4,-3,0
0.05263158, 0, 0, 0.55, 0.35, 0.44, 0.1, 0, 0, 0, 0, 1, 0.5, 0.35, 0.92, 0.1, 0, 0, 0, 0	2	0,2,-4
0.05263158, 0, 1, 0.5, 0.35, 0.92, 0.1, 0, 0, 0, 0, 0, 0.55, 0.35, 0.44, 0.1, 0, 0, 0, 0	0	4,-3,0
0, 0.05263158, 1, 0.5, 0.3, 0.28, 0.1, 0, 0, 0, 0, 0, 0.5, 0.35, 0.92, 0.1, 0, 0, 0, 0	2	0,2,-4
0, 0.05263158, 0, 0.5, 0.35, 0.92, 0.1, 0, 0, 0, 0, 1, 0.5, 0.3, 0.28, 0.1, 0, 0, 0, 0	0	4,-3,0
0, 0.05263158, 0, 0.5, 0.3, 0.2, 0.1, 0, 0, 0, 0, 1, 0.5, 0.25, 0.84, 0.1, 0, 0, 0, 0	0	0,2,-4
0, 0.05263158, 1, 0.5, 0.25, 0.84, 0.1, 0, 0, 0, 0, 0, 0.5, 0.3, 0.2, 0.1, 0, 0, 0, 0	0	0,-2,-4
0.05263158, 0, 1, 0.6, 0.5, 0.84, 0.1, 0, 0, 0, 0, 0, 0.55, 0.5, 1, 0.1, 0, 0, 0, 0	2	0,2,-4
0.05263158, 0, 0, 0.55, 0.5, 1, 0.1, 0, 0, 0, 0, 1, 0.6, 0.5, 0.84, 0.1, 0, 0, 0, 0	0	4,-3,0
0, 0.05263158, 1, 0.55, 0.45, 0.92, 0.1, 0, 0, 0, 0, 0, 0.55, 0.5, 0.92, 0.1, 0, 0, 0, 0	0	0,2,-4
0, 0.05263158, 0, 0.55, 0.5, 0.92, 0.1, 0, 0, 0, 0, 1, 0.55, 0.45, 0.92, 0.1, 0, 0, 0, 0	0	0,-2,-4
0.05263158, 0, 0, 0.55, 0.45, 0.76, 0.1, 0, 0, 0, 0, 1, 0.6, 0.45, 0.92, 0.1, 0, 0, 0, 0	2	0,2,-4
0.05263158, 0, 1, 0.6, 0.45, 0.92, 0.1, 0, 0, 0, 0, 0, 0.55, 0.45, 0.76, 0.1, 0, 0, 0, 0	0	4,-3,0
0, 0.05263158, 1, 0.6, 0.5, 0.68, 0.1, 0, 0, 0, 0, 0, 0.6, 0.45, 0.84, 0.1, 0, 0, 0, 0	0	0,2,-4
0, 0.05263158, 0, 0.6, 0.45, 0.84, 0.1, 0, 0, 0, 0, 1, 0.6, 0.5, 0.68, 0.1, 0, 0, 0, 0	0	0,-2,-4
0.05263158, 0, 0, 0.6, 0.5, 0.52, 0.1, 0, 0, 0, 0, 1, 0.65, 0.5, 0.84, 0.1, 0, 0, 0, 0	2	0,2,-4
0.05263158, 0, 1, 0.65, 0.5, 0.84, 0.1, 0, 0, 0, 0, 0, 0.6, 0.5, 0.52, 0.1, 0, 0, 0, 0	0	4,-3,0
0, 0.05263158, 1, 0.65, 0.55, 0.44, 0.1, 0, 0, 0, 0, 0, 0.65, 0.5, 0.76, 0.1, 0, 0, 0, 0	0	0,2,-4
0, 0.05263158, 0, 0.65, 0.5, 0.76, 0.1, 0, 0, 0, 0, 1, 0.65, 0.55, 0.44, 0.1, 0, 0, 0, 0	0	0,-2,-4
0.05263158, 0, 0, 0.65, 0.55, 0.36, 0.1, 0, 0, 0, 0, 1, 0.7, 0.55, 0.68, 0.1, 0, 0, 0, 0	0	0,2,-4
0.05263158, 0, 1, 0.7, 0.55, 0.68, 0.1, 0, 0, 0, 0, 0, 0.65, 0.55, 0.36, 0.1, 0, 0, 0, 0	0	0,-2,-4
0.05263158, 0, 1, 0.75, 0.55, 0.28, 0.1, 0, 0, 0, 0, 0, 0.7, 0.55, 0.6, 0.1, 0, 0, 0, 0	0	0,2,-4
0.05263158, 0, 0, 0.7, 0.55, 0.6, 0.1, 0, 0, 0, 0, 1, 0.75, 0.55, 0.28, 0.1, 0, 0, 0, 0	0	0,-2,-4
0, 0.05263158, 0, 0.75, 0.55, 0.2, 0.1, 0, 0, 0, 0, 1, 0.75, 0.6, 0.52, 0.1, 0, 0, 0, 0	0	0,2,-4
0, 0.05263158, 1, 0.75, 0.6, 0.52, 0.1, 0, 0, 0, 0, 0, 0.75, 0.55, 0.2, 0.1, 0, 0, 0, 0	0	0,-2,-4
0, 0.05263158, 1, 0.55, 0.45, 0.92, 0.1, 0, 0, 0, 0, 0, 0.55, 0.5, 0.92, 0.1, 0, 0, 0, 0	0	0,2,-4
0, 0.05263158, 0, 0.55, 0.5, 0.92, 0.1, 0, 0, 0, 0, 1, 0.55, 0.45, 0.92, 0.1, 0, 0, 0, 0	0	0,-2,-4
0, 0.05263158, 0, 0.55, 0.45, 0.84, 0.1, 0, 0, 0, 0, 1, 0.55, 0.4, 0.84, 0.1, 0, 0, 0, 0	0	0,2,-4
0, 0.05263158, 1, 0.55, 0.4, 0.84, 0.1, 0, 0, 0, 0, 0, 0.55, 0.45, 0.84, 0.1, 0, 0, 0, 0	0	0,-2,-4
0.05263158, 0, 1, 0.6, 0.4, 0.84, 0.1, 0, 0, 0, 0, 0, 0.55, 0.4, 0.8, 0.1, 1, 0, 0, 0	1	0,2,-4
0.05263158, 0, 0, 0.55, 0.4, 0.8, 0.1, 1, 0, 0, 0, 1, 0.6, 0.4, 0.84, 0.1, 0, 0, 0, 0	0	-2,0,3
0.05263158, 0, 0, 0.6, 0.4, 0.84, 0.1, 0, 0, 0, 0, 1, 0.55, 0.4, 0.8, 0.15, 1, 0, 0, 0	1	4,-3,0
0.05263158, 0, 1, 0.55, 0.4, 0.8, 0.15, 1, 0, 0, 0, 0, 0.6, 0.4, 0.84, 0.1, 0, 0, 0, 0	2	-2,0,3
0, 0.05263158, 1, 0.55, 0.45, 0.84, 0.05, 0, 0, 0, 0, 0, 0.55, 0.4, 0.8, 0.1, 1, 0, 0, 0	2	4,-4,1
0, 0.05263158, 0, 0.55, 0.4, 0.8, 0.1, 1, 0, 0, 0, 1, 0.55, 0.45, 0.84, 0.05, 0, 0, 0, 0	2	6,-3,-1
0.05263158, 0, 0, 0.55, 0.45, 0.76, 0.05, 0, 0, 0, 0, 1, 0.6, 0.45, 0.76, 0.1, 0, 0, 0, 0	0	-1,2,-4
0.05263158, 0, 1, 0.6, 0.45, 0.76, 0.1, 0, 0, 0, 0, 0, 0.55, 0.45, 0.76, 0.05, 0, 0, 0, 0	0	1,-2,-2
0, 0.05263158, 1, 0.6, 0.4, 0.68, 0.05, 0, 0, 0, 0, 0, 0.6, 0.45, 0.72, 0.1, 0, 0, 0, 0	0	-1,2,-4
0, 0.05263158, 0, 0.6, 0.45, 0.72, 0.1, 0, 0, 0, 0, 1, 0.6, 0.4, 0.68, 0.05, 0, 0, 0, 0	0	1,-2,-2
0.05263158, 0, 0, 0.6, 0.4, 0.6, 0.05, 0, 0, 0, 0, 1, 0.65, 0.4, 0.68, 0.1, 0, 0, 0, 0	0	-1,2,-4
0.05263158, 0, 1, 0.65, 0.4, 0.68, 0.1, 0, 0, 0, 0, 0, 0.6, 0.4, 0.6, 0.05, 0, 0, 0, 0	0	1,-2,-2
0, 0.05263158, 1, 0.65, 0.35, 0.44, 0.05, 0, 0, 0, 0, 0, 0.65, 0.4, 0.68, 0.1, 0, 0, 0, 0	2	-1,2,-4
0, 0.05263158, 0, 0.65, 0.4, 0.68, 0.1, 0, 0, 0, 0, 1, 0.65, 0.35, 0.44, 0.05, 0, 0, 0, 0	0	4,-3,-1
0.05263158, 0, 0, 0.65, 0.35, 0.44, 0.05, 0, 0, 0, 0, 1, 0.6, 0.35, 0.64, 0.1, 1, 0, 0, 0	1	-1,2,-4
0.05263158, 0, 1, 0.6, 0.35, 0.64, 0.1, 1, 0, 0, 0, 0, 0.65, 0.35, 0.44, 0.05, 0, 0, 0, 0	0	-2,0,4
0, 0.05263158, 1, 0.6, 0.4, 0.44, 0.05, 0, 0, 0, 0, 0, 0.6, 0.35, 0.56, 0.1, 1, 0, 0, 0	0	2,-4,1
0, 0.05263158, 0, 0.6, 0.35, 0.56, 0.1, 1, 0, 0, 0, 1, 0.6, 0.4, 0.44, 0.05, 0, 0, 0, 0	2	1,-2,-2
0, 0.05263158, 0, 0.6, 0.4, 0.44, 0.05, 0, 0, 0, 0, 1, 0.6, 0.35, 0.56, 0.05, 1, 0, 0, 0	2	2,-4,1
0, 0.05263158, 1, 0.6, 0.35, 0.56, 0.05, 1, 0, 0, 0, 0, 0.6, 0.4, 0.44, 0.05, 0, 0, 0, 0	2	4,-3,-1
0.05263158, 0, 1, 0.55, 0.35, 0.4, 0.05, 0, 0, 0, 0, 0, 0.6, 0.35, 0.52, 0.05, 0, 0, 0, 0	0	0,2,-2
0.05263158, 0, 0, 0.6, 0.35, 0.52, 0.05, 0, 0, 0, 0, 1, 0.55, 0.35, 0.4, 0.05, 0, 0, 0, 0	0	0,-2,-2
0, 0.05263158, 0, 0.55, 0.35, 0.32, 0.05, 0, 0, 0, 0, 1, 0.55, 0.3, 0.52, 0.05, 0, 0, 0, 0	2	0,2,-2
0, 0.05263158, 1, 0.55, 0.3, 0.52, 0.05, 0, 0, 0, 0, 0, 0.55, 0.35, 0.32, 0.05, 0, 0, 0, 0	0	2,-3,0
0, 0.05263158, 1, 0.55, 0.25, 0.24, 0.05, 0, 0, 0, 0, 0, 0.55, 0.3, 0.52, 0.05, 0, 0, 0, 0	2	0,2,-2
0, 0.05263158, 0, 0.55, 0.3, 0.52, 0.05, 0, 0, 0, 0, 1, 0.55, 0.25, 0.24, 0.05, 0, 0, 0, 0	0	2,-3,0
0, 0.05263158, 0, 0.55, 0.25, 0.2, 0.05, 0, 0, 0, 0, 1, 0.55, 0.2, 0.48, 0.05, 0, 0, 0, 0	0	0,2,-2
0, 0.05263158, 1, 0.55, 0.2, 0.48, 0.05, 0, 0, 0, 0, 0, 0.55, 0.25, 0.2, 0.05, 0, 0, 0, 0	0	0,-2,-2
0.05263158, 0, 1, 0.6, 0.2, 0.16, 0.05, 0, 0, 0, 0, 0, 0.55, 0.2, 0.44, 0.05, 0, 0, 0, 0	0	0,2,-2
0.05263158, 0, 0, 0.55, 0.2, 0.44, 0.05, 0, 0, 0, 0, 1, 0.6, 0.2, 0.16, 0.05, 0, 0, 0, 0	0	0,-2,-2
0, 0.05263158, 0, 0.6, 0.2, 0.12, 0.05, 0, 0, 0, 0, 1, 0.6, 0.25, 0.4, 0.05, 0, 0, 0, 0	0	0,2,-2
0, 0.05263158, 1, 0.6, 0.25, 0.4, 0.05, 0, 0, 0, 0, 0, 0.6, 0.2, 0.12, 0.05, 0, 0, 0, 0	0	0,-2,-2
0.05263158, 0, 1, 0.55, 0.25, 0.08, 0.05, 0, 0, 0, 0, 0, 0.6, 0.25, 0.36, 0.05, 0, 0, 0, 0	0	0,2,-2
0.05263158, 0, 0, 0.6, 0.25, 0.36, 0.05, 0, 0, 0, 0, 1, 0.55, 0.25, 0.08, 0.05, 0, 0, 0, 0	0	0,-2,-2
0, 0.05263158, 0, 0.55, 0.25, 0.04, 0.05, 0, 0, 0, 0, 1, 0.55, 0.2, 0.32, 0.05, 0, 0, 0, 0	0	0,2,-2
0, 0.05263158, 1, 0.55, 0.2, 0.32, 0.05, 0, 0, 0, 0, 0, 0.55, 0.25, 0.04, 0.05, 0, 0, 0, 0	0	0,-2,-2
0.05263158, 0, 1, 0.6, 0.2, 0, 0.05, 0, 0, 0, 0, 0, 0.55, 0.2, 0.32, 0.05, 0, 0, 0, 0	2	0,2,-2
0.05263158, 0, 0, 0.55, 0.2, 0.32, 0.05, 0, 0, 0, 0, 1, 0.6, 0.2, 0, 0.05, 0, 0, 0, 0	0	2,-3,0
0.05263158, 0, 1, 0.6, 0.5, 0.92, 0.1, 0, 0, 0, 0, 0, 0.55, 0.5, 0.92, 0.1, 0, 0, 0, 0	0	0,2,-4
0.05263158, 0, 0, 0.55, 0.5, 0.92, 0.1, 0, 0, 0, 0, 1, 0.6, 0.5, 0.92, 0.1, 0, 0, 0, 0	0	0,-2,-4
0, 0.05263158, 0, 0.6, 0.5, 0.92, 0.1, 0, 0, 0, 0, 1, 0.6, 0.45, 0.88, 0.1, 1, 0, 0, 0	1	0,2,-4
0, 0.05263158, 1, 0.6, 0.45, 0.88, 0.1, 1, 0, 0, 0, 0, 0.6, 0.5, 0.92, 0.1, 0, 0, 0, 0	0	-2,0,3
0, 0.05263158, 1, 0.6, 0.4, 0.92, 0.05, 0, 0, 0, 0, 0, 0.6, 0.45, 0.88, 0.05, 1, 0, 0, 0	2	4,-3,0
0, 0.05263158, 0, 0.6, 0.45, 0.88, 0.05, 1, 0, 0, 0, 1, 0.6, 0.4, 0.92, 0.05, 0, 0, 0, 0	2	4,-3,0
0, 0.05263158, 0, 0.6, 0.4, 0.92, 0.05, 0, 0, 0, 0, 1, 0.6, 0.45, 0.88, 0.05, 1, 0, 0, 0	2	2,-3,0
0, 0.05263158, 1, 0.6, 0.45, 0.88, 0.05, 1, 0, 0, 0, 0, 0.6, 0.4, 0.92, 0.05, 0, 0, 0, 0	2	2,-3,0
0.05263158, 0, 1, 0.2, 0.95, 1, 0.15, 0, 0, 0, 0, 0, 0.25, 0.95, 1, 0.1, 1, 0, 0, 0	2	2,0,3
0.05263158, 0, 0, 0.25, 0.95, 1, 0.1, 1, 0, 0, 0, 1, 0.2, 0.95, 1, 0.15, 0, 0, 0, 0	1	4,-3,0
0.05263158, 0, 1, 0.55, 0.55, 0.92, 0.1, 0, 0, 0, 0, 0, 0.5, 0.55, 0.92, 0.1, 0, 0, 0, 0	0	0,2,-4
0.05263158, 0, 0, 0.5, 0.55, 0.92, 0.1, 0, 0, 0, 0, 1, 0.55, 0.55, 0.92, 0.1, 0, 0, 0, 0	0	0,-2,-4
0.05263158, 0, 0, 0.55, 0.55, 0.92, 0.1, 0, 0, 0, 0, 1, 0.6, 0.55, 0.88, 0.1, 1, 0, 0, 0	1	0,2,-4
0.05263158, 0, 1, 0.6, 0.55, 0.88, 0.1, 1, 0, 0, 0, 0, 0.55, 0.55, 0.92, 0.1, 0, 0, 0, 0	0	-2,0,3
0, 0.05263158, 1, 0.6, 0.5, 0.92, 0.1, 0, 0, 0, 0, 0, 0.6, 0.55, 0.72, 0.1, 1, 0, 0, 0	0	4,-3,0
0, 0.05263158, 0, 0.6, 0.55, 0.72, 0.1, 1, 0, 0, 0, 1, 0.6, 0.5, 0.92, 0.1, 0, 0, 0, 0	2	0,-2,-4
0, 0.05263158, 0, 0.6, 0.5, 0.92, 0.05, 0, 0, 0, 0, 1, 0.6, 0.55, 0.72, 0.05, 1, 0, 0, 0	2	4,-3,0
0, 0.05263158, 1, 0.6, 0.55, 0.72, 0.05, 1, 0, 0, 0, 0, 0.6, 0.5, 0.92, 0.05, 0, 0, 0, 0	2	4,-3,0
0.05263158, 0, 1, 0.65, 0.55, 0.84, 0.05, 0, 0, 0, 0, 0, 0.6, 0.55, 0.72, 0.05, 0, 0, 0, 0	2	0,2,-2
0.05263158, 0, 0, 0.6, 0.55, 0.72, 0.05, 0, 0, 0, 0, 1, 0.65, 0.55, 0.84, 0.05, 0, 0, 0, 0	0	2,-3,0
0, 0.05263158, 0, 0.65, 0.55, 0.8, 0.05, 0, 0, 0, 0, 1, 0.65, 0.6, 0.68, 0.05, 0, 0, 0, 0	0	0,2,-2
0, 0.05263158, 1, 0.65, 0.6, 0.68, 0.05, 0, 0, 0, 0, 0, 0.65, 0.55, 0.8, 0.05, 0, 0, 0, 0	0	0,-2,-2
0.05263158, 0, 1, 0.6, 0.6, 0.72, 0.05, 0, 0, 0, 0, 0, 0.65, 0.6, 0.68, 0.05, 0, 0, 0, 0	2	0,2,-2
0.05263158, 0, 0, 0.65, 0.6, 0.68, 0.05, 0, 0, 0, 0, 1, 0.6, 0.6, 0.72, 0.05, 0, 0, 0, 0	0	2,-3,0
0, 0.05263158, 0, 0.6, 0.6, 0.64, 0.05, 0, 0, 0, 0, 1, 0.6, 0.55, 0.68, 0.05, 0, 0, 0, 0	2	0,2,-2
0, 0.05263158, 1, 0.6, 0.55, 0.68, 0.05, 0, 0, 0, 0, 0, 0.6, 0.6, 0.64, 0.05, 0, 0, 0, 0	0	2,-3,0
0, 0.05263158, 1, 0.6, 0.5, 0.6, 0.05, 0, 0, 0, 0, 0, 0.6, 0.55, 0.64, 0.05, 0, 0, 0, 0	0	0,2,-2
0, 0.05263158, 0, 0.6, 0.55, 0.64, 0.05, 0, 0, 0, 0, 1, 0.6, 0.5, 0.6, 0.05, 0, 0, 0, 0	0	0,-2,-2
0.05263158, 0, 0, 0.6, 0.5, 0.56, 0.05, 0, 0, 0, 0, 1, 0.65, 0.5, 0.6, 0.05, 0, 0, 0, 0	0	0,2,-2
0.05263158, 0, 1, 0.65, 0.5, 0.6, 0.05, 0, 0, 0, 0, 0, 0.6, 0.5, 0.56, 0.05, 0, 0, 0, 0	0	0,-2,-2
0, 0.05263158, 1, 0.65, 0.45, 0.56, 0.05, 0, 0, 0, 0, 0, 0.65, 0.5, 0.56, 0.05, 1, 0, 0, 0	1	0,2,-2
0, 0.05263158, 0, 0.65, 0.5, 0.56, 0.05, 1, 0, 0, 0, 1, 0.65, 0.45, 0.56, 0.05, 0, 0, 0, 0	0	-2,0,3
0, 0.05263158, 0, 0.65, 0.45, 0.56, 0.05, 0, 0, 0, 0, 1, 0.65, 0.5, 0.48, 0.05, 1, 0, 0, 0	0	2,-3,0
0, 0.05263158, 1, 0.65, 0.5, 0.48, 0.05, 1, 0, 0, 0, 0, 0.65, 0.45, 0.56, 0.05, 0, 0, 0, 0	2	0,-2,-2
0, 0.05263158, 1, 0.55, 0.45, 1, 0.1, 0, 0, 0, 0, 0, 0.55, 0.5, 0.96, 0.1, 1, 0, 0, 0	1	0,2,-4
0, 0.05263158, 0, 0.55, 0.5, 0.96, 0.1, 1, 0, 0, 0, 1, 0.55, 0.45, 1, 0.1, 0, 0, 0, 0	0	-2,0,3
0, 0.05263158, 0, 0.55, 0.45, 1, 0.05, 0, 0, 0, 0, 1, 0.55, 0.5, 0.96, 0.05, 1, 0, 0, 0	2	4,-3,0
0, 0.05263158, 1, 0.55, 0.5, 0.96, 0.05, 1, 0, 0, 0, 0, 0.55, 0.45, 1, 0.05, 0, 0, 0, 0	2	4,-3,0
0.05263158, 0, 1, 0.6, 0.5, 1, 0.05, 0, 0, 0, 0, 0, 0.55, 0.5, 0.88, 0.05, 1, 0, 0, 0	0	2,-3,0
0.05263158, 0, 0, 0.55, 0.5, 0.88, 0.05, 1, 0, 0, 0, 1, 0.6, 0.5, 1, 0.05, 0, 0, 0, 0	2	0,-2,-2
0.05263158, 0, 0, 0.6, 0.5, 0.92, 0.05, 0, 0, 0, 0, 1, 0.65, 0.5, 0.88, 0.05, 0, 0, 0, 0	2	0,2,-2
0.05263158, 0, 1, 0.65, 0.5, 0.88, 0.05, 0, 0, 0, 0, 0, 0.6, 0.5, 0.92, 0.05, 0, 0, 0, 0	0	2,-3,0
0.05263158, 0, 1, 0.7, 0.5, 0.92, 0.05, 0, 0, 0, 0, 0, 0.65, 0.5, 0.84, 0.05, 1, 0, 0, 0	1	0,2,-2
0.05263158, 0, 0, 0.65, 0.5, 0.84, 0.05, 1, 0, 0, 0, 1, 0.7, 0.5, 0.92, 0.05, 0, 0, 0, 0	0	-2,0,3
0.05263158, 0, 0, 0.7, 0.5, 0.92, 0.05, 0, 0, 0, 0, 1, 0.65, 0.5, 0.84, 0.1, 1, 0, 0, 0	1	2,-3,0
0.05263158, 0, 1, 0.65, 0.5, 0.84, 0.1, 1, 0, 0, 0, 0, 0.7, 0.5, 0.92, 0.05, 0, 0, 0, 0	2	-2,0,3
0, 0.05263158, 1, 0.65, 0.55, 0.92, 0.05, 0, 0, 0, 0, 0, 0.65, 0.5, 0.76, 0.1, 1, 0, 0, 0	0	2,-4,1
0, 0.05263158, 0, 0.65, 0.5, 0.76, 0.1, 1, 0, 0, 0, 1, 0.65, 0.55, 0.92, 0.05, 0, 0, 0, 0	2	1,-2,-2
0, 0.05263158, 1, 0.55, 0.45, 0.84, 0.1, 0, 0, 0, 0, 0, 0.55, 0.5, 1, 0.1, 0, 0, 0, 0	2	0,2,-4
0, 0.05263158, 0, 0.55, 0.5, 1, 0.1, 0, 0, 0, 0, 1, 0.55, 0.45, 0.84, 0.1, 0, 0, 0, 0	0	4,-3,0
0, 0.05263158, 0, 0.55, 0.45, 0.76, 0.1, 0, 0, 0, 0, 1, 0.55, 0.4, 0.92, 0.1, 0, 0, 0, 0	0	0,2,-4
0, 0.05263158, 1, 0.55, 0.4, 0.92, 0.1, 0, 0, 0, 0, 0, 0.55, 0.45, 0.76, 0.1, 0, 0, 0, 0	0	0,-2,-4
0.05263158, 0, 1, 0.6, 0.4, 0.68, 0.1, 0, 0, 0, 0, 0, 0.55, 0.4, 0.84, 0.1, 0, 0, 0, 0	0	0,2,-4
0.05263158, 0, 0, 0.55, 0.4, 0.84, 0.1, 0, 0, 0, 0, 1, 0.6, 0.4, 0.68, 0.1, 0, 0, 0, 0	0	0,-2,-4
0, 0.05263158, 0, 0.6, 0.4, 0.52, 0.1, 0, 0, 0, 0, 1, 0.6, 0.35, 0.84, 0.1, 0, 0, 0, 0	2	0,2,-4
0, 0.05263158, 1, 0.6, 0.35, 0.84, 0.1, 0, 0, 0, 0, 0, 0.6, 0.4, 0.52, 0.1, 0, 0, 0, 0	0	4,-3,0
0.05263158, 0, 1, 0.55, 0.35, 0.44, 0.1, 0, 0, 0, 0, 0, 0.6, 0.35, 0.76, 0.1, 0, 0, 0, 0	0	0,2,-4
0.05263158, 0, 0, 0.6, 0.35, 0.76, 0.1, 0, 0, 0, 0, 1, 0.55, 0.35, 0.44, 0.1, 0, 0, 0, 0	0	0,-2,-4
0, 0.05263158, 0, 0.55, 0.35, 0.28, 0.1, 0, 0, 0, 0, 1, 0.55, 0.4, 0.76, 0.1, 0, 0, 0, 0	2	0,2,-4
0, 0.05263158, 1, 0.55, 0.4, 0.76, 0.1, 0, 0, 0, 0, 0, 0.55, 0.35, 0.28, 0.1, 0, 0, 0, 0	0	4,-3,0
0, 0.05263158, 1, 0.55, 0.45, 0.2, 0.1, 0, 0, 0, 0, 0, 0.55, 0.4, 0.68, 0.1, 0, 0, 0, 0	0	0,2,-4
0, 0.05263158, 0, 0.55, 0.4, 0.68, 0.1, 0, 0, 0, 0, 1, 0.55, 0.45, 0.2, 0.1, 0, 0, 0, 0	0	0,-2,-4
0, 0.05263158, 0, 0.55, 0.45, 0.2, 0.1, 0, 0, 0, 0, 1, 0.55, 0.5, 0.64, 0.1, 1, 0, 0, 0	1	0,2,-4
0, 0.05263158, 1, 0.55, 0.5, 0.64, 0.1, 1, 0, 0, 0, 0, 0.55, 0.45, 0.2, 0.1, 0, 0, 0, 0	0	-2,0,3
0, 0.05263158, 1, 0.55, 0.55, 0.2, 0.05, 0, 0, 0, 0, 0, 0.55, 0.5, 0.64, 0.05, 1, 0, 0, 0	2	4,-3,0
0, 0.05263158, 0, 0.55, 0.5, 0.64, 0.05, 1, 0, 0, 0, 1, 0.55, 0.55, 0.2, 0.05, 0, 0, 0, 0	2	4,-3,0
0, 0.05263158, 0, 0.55, 0.55, 0.2, 0.05, 0, 0, 0, 0, 1, 0.55, 0.5, 0.56, 0.05, 1, 0, 0, 0	0	2,-3,0
0, 0.05263158, 1, 0.55, 0.5, 0.56, 0.05, 1, 0, 0, 0, 0, 0.55, 0.55, 0.2, 0.05, 0, 0, 0, 0	2	0,-2,-2
0.05263158, 0, 1, 0.6, 0.5, 0.2, 0.05, 0, 0, 0, 0, 0, 0.55, 0.5, 0.52, 0.05, 1, 0, 0, 0	1	0,2,-2
0.05263158, 0, 0, 0.55, 0.5, 0.52, 0.05, 1, 0, 0, 0, 1, 0.6, 0.5, 0.2, 0.05, 0, 0, 0, 0	0	-2,0,3
0.05263158, 0, 0, 0.6, 0.5, 0.2, 0.05, 0, 0, 0, 0, 1, 0.55, 0.5, 0.44, 0.05, 1, 0, 0, 0	0	2,-3,0
0.05263158, 0, 1, 0.55, 0.5, 0.44, 0.05, 1, 0, 0, 0, 0, 0.6, 0.5, 0.2, 0.05, 0, 0, 0, 0	2	0,-2,-2
0, 0.05263158, 1, 0.55, 0.55, 0.2, 0.05, 0, 0, 0, 0, 0, 0.55, 0.5, 0.36, 0.05, 1, 0, 0, 0	0	2,-3,0
0, 0.05263158, 0, 0.55, 0.5, 0.36, 0.05, 1, 0, 0, 0, 1, 0.55, 0.55, 0.2, 0.05, 0, 0, 0, 0	2	0,-2,-2
0.05263158, 0, 1, 0.6, 0.5, 0.92, 0.1, 0, 0, 0, 0, 0, 0.55, 0.5, 0.92, 0.1, 0, 0, 0, 0	0	0,2,-4
0.05263158, 0, 0, 0.55, 0.5, 0.92, 0.1, 0, 0, 0, 0, 1, 0.6, 0.5, 0.92, 0.1, 0, 0, 0, 0	0	0,-2,-4
0, 0.05263158, 0, 0.6, 0.5, 0.76, 0.1, 0, 0, 0, 0, 1, 0.6, 0.45, 0.92, 0.1, 0, 0, 0, 0	2	0,2,-4
0, 0.05263158, 1, 0.6, 0.45, 0.92, 0.1, 0, 0, 0, 0, 0, 0.6, 0.5, 0.76, 0.1, 0, 0, 0, 0	0	4,-3,0
0.05263158, 0, 1, 0.65, 0.45, 0.68, 0.1, 0, 0, 0, 0, 0, 0.6, 0.45, 0.84, 0.1, 0, 0, 0, 0	0	0,2,-4
0.05263158, 0, 0, 0.6, 0.45, 0.84, 0.1, 0, 0, 0, 0, 1, 0.65, 0.45, 0.68, 0.1, 0, 0, 0, 0	0	0,-2,-4
0.05263158, 0, 1, 0.6, 0.5, 0.84, 0.1, 0, 0, 0, 0, 0, 0.55, 0.5, 1, 0.1, 0, 0, 0, 0	2	0,2,-4
0.05263158, 0, 0, 0.55, 0.5, 1, 0.1, 0, 0, 0, 0, 1, 0.6, 0.5, 0.84, 0.1, 0, 0, 0, 0	0	4,-3,0
0.05263158, 0, 0, 0.6, 0.5, 0.68, 0.1, 0, 0, 0, 0, 1, 0.65, 0.5, 1, 0.1, 0, 0, 0, 0	2	0,2,-4
0.05263158, 0, 1, 0.65, 0.5, 1, 0.1, 0, 0, 0, 0, 0, 0.6, 0.5, 0.68, 0.1, 0, 0, 0, 0	0	4,-3,0
0, 0.05263158, 1, 0.65, 0.55, 0.6, 0.1, 0, 0, 0, 0, 0, 0.65, 0.5, 0.92, 0.1, 0, 0, 0, 0	0	0,2,-4
0, 0.05263158, 0, 0.65, 0.5, 0.92, 0.1, 0, 0, 0, 0, 1, 0.65, 0.55, 0.6, 0.1, 0, 0, 0, 0	0	0,-2,-4
0.05263158, 0, 0, 0.65, 0.55, 0.52, 0.1, 0, 0, 0, 0, 1, 0.7, 0.55, 0.84, 0.1, 0, 0, 0, 0	0	0,2,-4
0.05263158, 0, 1, 0.7, 0.55, 0.84, 0.1, 0, 0, 0, 0, 0, 0.65, 0.55, 0.52, 0.1, 0, 0, 0, 0	0	0,-2,-4
0, 0.05263158, 1, 0.7, 0.5, 0.36, 0.1, 0, 0, 0, 0, 0, 0.7, 0.55, 0.84, 0.1, 0, 0, 0, 0	2	0,2,-4
0, 0.05263158, 0, 0.7, 0.55, 0.84, 0.1, 0, 0, 0, 0, 1, 0.7, 0.5, 0.36, 0.1, 0, 0, 0, 0	0	4,-3,0
0.05263158, 0, 0, 0.7, 0.5, 0.28, 0.1, 0, 0, 0, 0, 1, 0.75, 0.5, 0.76, 0.1, 0, 0, 0, 0	0	0,2,-4
0.05263158, 0, 1, 0.75, 0.5, 0.76, 0.1, 0, 0, 0, 0, 0, 0.7, 0.5, 0.28, 0.1, 0, 0, 0, 0	0	0,-2,-4
0, 0.05263158, 1, 0.75, 0.55, 0.2, 0.1, 0, 0, 0, 0, 0, 0.75, 0.5, 0.68, 0.1, 0, 0, 0, 0	0	0,2,-4
0, 0.05263158, 0, 0.75, 0.5, 0.68, 0.1, 0, 0, 0, 0, 1, 0.75, 0.55, 0.2, 0.1, 0, 0, 0, 0	0	0,-2,-4
0, 0.05263158, 0, 0.75, 0.55, 0.12, 0.1, 0, 0, 0, 0, 1, 0.75, 0.6, 0.6, 0.1, 0, 0, 0, 0	0	0,2,-4
0, 0.05263158, 1, 0.75, 0.6, 0.6, 0.1, 0, 0, 0, 0, 0, 0.75, 0.55, 0.12, 0.1, 0, 0, 0, 0	0	0,-2,-4
0, 0.05263158, 1, 0.75, 0.65, 0, 0.1, 0, 0, 0, 0, 0, 0.75, 0.6, 0.6, 0.1, 0, 0, 0, 0	2	0,2,-4
0, 0.05263158, 0, 0.75, 0.6, 0.6, 0.1, 0, 0, 0, 0, 1, 0.75, 0.65, 0, 0.1, 0, 0, 0, 0	0	4,-3,0
0.05263158, 0, 1, 0.6, 0.5, 0.84, 0.1, 0, 0, 0, 0, 0, 0.55, 0.5, 1, 0.1, 0, 0, 0, 0	2	0,2,-4
0.05263158, 0, 0, 0.55, 0.5, 1, 0.1, 0, 0, 0, 0, 1, 0.6, 0.5, 0.84, 0.1, 0, 0, 0, 0	0	4,-3,0
0.05263158, 0, 1, 0.55, 0.55, 0.84, 0.1, 0, 0, 0, 0, 0, 0.5, 0.55, 1, 0.1, 0, 0, 0, 0	2	0,2,-4
0.05263158, 0, 0, 0.5, 0.55, 1, 0.1, 0, 0, 0, 0, 1, 0.55, 0.55, 0.84, 0.1, 0, 0, 0, 0	0	4,-3,0
0.05263158, 0, 0, 0.55, 0.55, 0.76, 0.1, 0, 0, 0, 0, 1, 0.6, 0.55, 0.92, 0.1, 0, 0, 0, 0	0	0,2,-4
0.05263158, 0, 1, 0.6, 0.55, 0.92, 0.1, 0, 0, 0, 0, 0, 0.55, 0.55, 0.76, 0.1, 0, 0, 0, 0	0	0,-2,-4
0.05263158, 0, 1, 0.4, 0.55, 0.84, 0.1, 0, 0, 0, 0, 0, 0.45, 0.55, 1, 0.1, 0, 0, 0, 0	2	0,2,-4
0.05263158, 0, 0, 0.45, 0.55, 1, 0.1, 0, 0, 0, 0, 1, 0.4, 0.55, 0.84, 0.1, 0, 0, 0, 0	0	4,-3,0
0.05263158, 0, 1, 0.55, 0.55, 0.92, 0.1, 0, 0, 0, 0, 0, 0.5, 0.55, 0.92, 0.1, 0, 0, 0, 0	0	0,2,-4
0.05263158, 0, 0, 0.5, 0.55, 0.92, 0.1, 0, 0, 0, 0, 1, 0.55, 0.55, 0.92, 0.1, 0, 0, 0, 0	0	0,-2,-4
0.05263158, 0, 0, 0.55, 0.55, 0.76, 0.1, 0, 0, 0, 0, 1, 0.6, 0.55, 0.92, 0.1, 0, 0, 0, 0	2	0,2,-4
0.05263158, 0, 1, 0.6, 0.55, 0.92, 0.1, 0, 0, 0, 0, 0, 0.55, 0.55, 0.76, 0.1, 0, 0, 0, 0	0	4,-3,0
0, 0.05263158, 1, 0.6, 0.5, 0.76, 0.1, 0, 0, 0, 0, 0, 0.6, 0.55, 0.88, 0.1, 1, 0, 0, 0	1	0,2,-4
0, 0.05263158, 0, 0.6, 0.55, 0.88, 0.1, 1, 0, 0, 0, 1, 0.6, 0.5, 0.76, 0.1, 0, 0, 0, 0	0	-2,0,3
0, 0.05263158, 0, 0.6, 0.5, 0.76, 0.05, 0, 0, 0, 0, 1, 0.6, 0.55, 0.88, 0.05, 1, 0, 0, 0	2	4,-3,0
0, 0.05263158, 1, 0.6, 0.55, 0.88, 0.05, 1, 0, 0, 0, 0, 0.6, 0.5, 0.76, 0.05, 0, 0, 0, 0	2	4,-3,0
0.05263158, 0, 1, 0.65, 0.55, 0.76, 0.05, 0, 0, 0, 0, 0, 0.6, 0.55, 0.88, 0.05, 1, 0, 0, 0	2	2,-3,0
0.05263158, 0, 0, 0.6, 0.55, 0.88, 0.05, 1, 0, 0, 0, 1, 0.65, 0.55, 0.76, 0.05, 0, 0, 0, 0	2	2,-3,0
0.05263158, 0, 0, 0.65, 0.55, 0.72, 0.05, 0, 0, 0, 0, 1, 0.7, 0.55, 0.84, 0.05, 0, 0, 0, 0	0	0,2,-2
0.05263158, 0, 1, 0.7, 0.55, 0.84, 0.05, 0, 0, 0, 0, 0, 0.65, 0.55, 0.72, 0.05, 0, 0, 0, 0	0	0,-2,-2
0, 0.05263158, 1, 0.7, 0.5, 0.68, 0.05, 0, 0, 0, 0, 0, 0.7, 0.55, 0.8, 0.05, 0, 0, 0, 0	0	0,2,-2
0, 0.05263158, 0, 0.7, 0.55, 0.8, 0.05, 0, 0, 0, 0, 1, 0.7, 0.5, 0.68, 0.05, 0, 0, 0, 0	0	0,-2,-2
0.05263158, 0, 0, 0.7, 0.5, 0.68, 0.05, 0, 0, 0, 0, 1, 0.75, 0.5, 0.76, 0.05, 1, 0, 0, 0	1	0,2,-2
0.05263158, 0, 1, 0.75, 0.5, 0.76, 0.05, 1, 0, 0, 0, 0, 0.7, 0.5, 0.68, 0.05, 0, 0, 0, 0	0	-2,0,3
0, 0.05263158, 1, 0.75, 0.45, 0.68, 0.05, 0, 0, 0, 0, 0, 0.75, 0.5, 0.68, 0.05, 1, 0, 0, 0	0	2,-3,0
0, 0.05263158, 0, 0.75, 0.5, 0.68, 0.05, 1, 0, 0, 0, 1, 0.75, 0.45, 0.68, 0.05, 0, 0, 0, 0	2	0,-2,-2
0, 0.05263158, 0, 0.75, 0.45, 0.68, 0.05, 0, 0, 0, 0, 1, 0.75, 0.5, 0.68, 0.05, 1, 0, 0, 0	2	2,-3,0
0, 0.05263158, 1, 0.75, 0.5, 0.68, 0.05, 1, 0, 0, 0, 0, 0.75, 0.45, 0.68, 0.05, 0, 0, 0, 0	2	2,-3,0
0.05263158, 0, 1, 0.8, 0.5, 0.64, 0.05, 0, 0, 0, 0, 0, 0.75, 0.5, 0.64, 0.05, 0, 0, 0, 0	0	0,2,-2
0.05263158, 0, 0, 0.75, 0.5, 0.64, 0.05, 0, 0, 0, 0, 1, 0.8, 0.5, 0.64, 0.05, 0, 0, 0, 0	0	0,-2,-2
0, 0.05263158, 0, 0.8, 0.5, 0.6, 0.05, 0, 0, 0, 0, 1, 0.8, 0.45, 0.6, 0.05, 0, 0, 0, 0	0	0,2,-2
0, 0.05263158, 1, 0.8, 0.45, 0.6, 0.05, 0, 0, 0, 0, 0, 0.8, 0.5, 0.6, 0.05, 0, 0, 0, 0	0	0,-2,-2
0.05263158, 0, 1, 0.75, 0.45, 0.52, 0.05, 0, 0, 0, 0, 0, 0.8, 0.45, 0.6, 0.05, 0, 0, 0, 0	2	0,2,-2
0.05263158, 0, 0, 0.8, 0.45, 0.6, 0.05, 0, 0, 0, 0, 1, 0.75, 0.45, 0.52, 0.05, 0, 0, 0, 0	0	2,-3,0
0, 0.05263158, 0, 0.75, 0.45, 0.48, 0.05, 0, 0, 0, 0, 1, 0.75, 0.5, 0.56, 0.05, 0, 0, 0, 0	0	0,2,-2
0, 0.05263158, 1, 0.75, 0.5, 0.56, 0.05, 0, 0, 0, 0, 0, 0.75, 0.45, 0.48, 0.05, 0, 0, 0, 0	0	0,-2,-2
0.05263158, 0, 1, 0.7, 0.5, 0.48, 0.05, 0, 0, 0, 0, 0, 0.75, 0.5, 0.52, 0.05, 1, 0, 0, 0	1	0,2,-2
0.05263158, 0, 0, 0.75, 0.5, 0.52, 0.05, 1, 0, 0, 0, 1, 0.7, 0.5, 0.48, 0.05, 0, 0, 0, 0	0	-2,0,3
0, 0.05263158, 1, 0.55, 0.45, 0.92, 0.1, 0, 0, 0, 0, 0, 0.55, 0.5, 0.92, 0.1, 0, 0, 0, 0	0	0,2,-4
0, 0.05263158, 0, 0.55, 0.5, 0.92, 0.1, 0, 0, 0, 0, 1, 0.55, 0.45, 0.92, 0.1, 0, 0, 0, 0	0	0,-2,-4
0, 0.05263158, 0, 0.55, 0.45, 0.76, 0.1, 0, 0, 0, 0, 1, 0.55, 0.4, 0.92, 0.1, 0, 0, 0, 0	2	0,2,-4
0, 0.05263158, 1, 0.55, 0.4, 0.92, 0.1, 0, 0, 0, 0, 0, 0.55, 0.45, 0.76, 0.1, 0, 0, 0, 0	0	4,-3,0
0.05263158, 0, 1, 0.6, 0.4, 0.68, 0.1, 0, 0, 0, 0, 0, 0.55, 0.4, 0.84, 0.1, 0, 0, 0, 0	0	0,2,-4
0.05263158, 0, 0, 0.55, 0.4, 0.84, 0.1, 0, 0, 0, 0, 1, 0.6, 0.4, 0.68, 0.1, 0, 0, 0, 0	0	0,-2,-4
0.05263158, 0, 1, 0.4, 0.55, 1, 0.1, 0, 0, 0, 0, 0, 0.45, 0.55, 0.96, 0.1, 1, 0, 0, 0	1	0,2,-4
0.05263158, 0, 0, 0.45, 0.55, 0.96, 0.1, 1, 0, 0, 0, 1, 0.4, 0.55, 1, 0.1, 0, 0, 0, 0	0	-2,0,3
0.05263158, 0, 0, 0.4, 0.55, 1, 0.1, 0, 0, 0, 0, 1, 0.45, 0.55, 0.8, 0.1, 1, 0, 0, 0	0	4,-3,0
0.05263158, 0, 1, 0.45, 0.55, 0.8, 0.1, 1, 0, 0, 0, 0, 0.4, 0.55, 1, 0.1, 0, 0, 0, 0	2	0,-2,-4
0.05263158, 0, 1, 0.5, 0.55, 1, 0.1, 0, 0, 0, 0, 0, 0.45, 0.55, 0.64, 0.1, 1, 0, 0, 0	0	4,-3,0
0.05263158, 0, 0, 0.45, 0.55, 0.64, 0.1, 1, 0, 0, 0, 1, 0.5, 0.55, 1, 0.1, 0, 0, 0, 0	2	0,-2,-4
0.05263158, 0, 1, 0.6, 0.5, 0.84, 0.1, 0, 0, 0, 0, 0, 0.55, 0.5, 1, 0.1, 0, 0, 0, 0	2	0,2,-4
0.05263158, 0, 0, 0.55, 0.5, 1, 0.1, 0, 0, 0, 0, 1, 0.6, 0.5, 0.84, 0.1, 0, 0, 0, 0	0	4,-3,0
0, 0.05263158, 0, 0.6, 0.5, 0.76, 0.1, 0, 0, 0, 0, 1, 0.6, 0.55, 0.92, 0.1, 0, 0, 0, 0	0	0,2,-4
0, 0.05263158, 1, 0.6, 0.55, 0.92, 0.1, 0, 0, 0, 0, 0, 0.6, 0.5, 0.76, 0.1, 0, 0, 0, 0	0	0,-2,-4
0.05263158, 0, 1, 0.65, 0.55, 0.6, 0.1, 0, 0, 0, 0, 0, 0.6, 0.55, 0.92, 0.1, 0, 0, 0, 0	2	0,2,-4
0.05263158, 0, 0, 0.6, 0.55, 0.92, 0.1, 0, 0, 0, 0, 1, 0.65, 0.55, 0.6, 0.1, 0, 0, 0, 0	0	4,-3,0
0, 0.05263158, 0, 0.65, 0.55, 0.52, 0.1, 0, 0, 0, 0, 1, 0.65, 0.5, 0.84, 0.1, 0, 0, 0, 0	0	0,2,-4
0, 0.05263158, 1, 0.65, 0.5, 0.84, 0.1, 0, 0, 0, 0, 0, 0.65, 0.55, 0.52, 0.1, 0, 0, 0, 0	0	0,-2,-4
0.05263158, 0, 1, 0.7, 0.5, 0.44, 0.1, 0, 0, 0, 0, 0, 0.65, 0.5, 0.76, 0.1, 0, 0, 0, 0	0	0,2,-4
0.05263158, 0, 0, 0.65, 0.5, 0.76, 0.1, 0, 0, 0, 0, 1, 0.7, 0.5, 0.44, 0.1, 0, 0, 0, 0	0	0,-2,-4
0, 0.05263158, 0, 0.7, 0.5, 0.36, 0.1, 0, 0, 0, 0, 1, 0.7, 0.45, 0.68, 0.1, 0, 0, 0, 0	0	0,2,-4
0, 0.05263158, 1, 0.7, 0.45, 0.68, 0.1, 0, 0, 0, 0, 0, 0.7, 0.5, 0.36, 0.1, 0, 0, 0, 0	0	0,-2,-4
0.05263158, 0, 1, 0.75, 0.45, 0.28, 0.1, 0, 0, 0, 0, 0, 0.7, 0.45, 0.6, 0.1, 0, 0, 0, 0	0	0,2,-4
0.05263158, 0, 0, 0.7, 0.45, 0.6, 0.1, 0, 0, 0, 0, 1, 0.75, 0.45, 0.28, 0.1, 0, 0, 0, 0	0	0,-2,-4
0, 0.05263158, 0, 0.75, 0.45, 0.2, 0.1, 0, 0, 0, 0, 1, 0.75, 0.4, 0.52, 0.1, 0, 0, 0, 0	0	0,2,-4
0, 0.05263158, 1, 0.75, 0.4, 0.52, 0.1, 0, 0, 0, 0, 0, 0.75, 0.45, 0.2, 0.1, 0, 0, 0, 0	0	0,-2,-4
0, 0.05263158, 1, 0.75, 0.35, 0.04, 0.1, 0, 0, 0, 0, 0, 0.75, 0.4, 0.52, 0.1, 0, 0, 0, 0	2	0,2,-4
0, 0.05263158, 0, 0.75, 0.4, 0.52, 0.1, 0, 0, 0, 0, 1, 0.75, 0.35, 0.04, 0.1, 0, 0, 0, 0	0	4,-3,0
0, 0.05263158, 0, 0.75, 0.35, 0, 0.1, 0, 0, 0, 0, 1, 0.75, 0.3, 0.44, 0.1, 0, 0, 0, 0	0	0,2,-4
0, 0.05263158, 1, 0.75, 0.3, 0.44, 0.1, 0, 0, 0, 0, 0, 0.75, 0.35, 0, 0.1, 0, 0, 0, 0	0	0,-2,-4
0.05263158, 0, 1, 0.6, 0.5, 0.92, 0.1, 0, 0, 0, 0, 0, 0.55, 0.5, 0.92, 0.1, 0, 0, 0, 0	0	0,2,-4
0.05263158, 0, 0, 0.55, 0.5, 0.92, 0.1, 0, 0, 0, 0, 1, 0.6, 0.5, 0.92, 0.1, 0, 0, 0, 0	0	0,-2,-4
0.05263158, 0, 0, 0.6, 0.5, 0.76, 0.1, 0, 0, 0, 0, 1, 0.65, 0.5, 0.92, 0.1, 0, 0, 0, 0	2	0,2,-4
0.05263158, 0, 1, 0.65, 0.5, 0.92, 0.1, 0, 0, 0, 0, 0, 0.6, 0.5, 0.76, 0.1, 0, 0, 0, 0	0	4,-3,0
0, 0.05263158, 1, 0.55, 0.45, 0.92, 0.1, 0, 0, 0, 0, 0, 0.55, 0.5, 0.92, 0.1, 0, 0, 0, 0	0	0,2,-4
0, 0.05263158, 0, 0.55, 0.5, 0.92, 0.1, 0, 0, 0, 0, 1, 0.55, 0.45, 0.92, 0.1, 0, 0, 0, 0	0	0,-2,-4
0.05263158, 0, 0, 0.55, 0.45, 0.76, 0.1, 0, 0, 0, 0, 1, 0.6, 0.45, 0.92, 0.1, 0, 0, 0, 0	2	0,2,-4
0.05263158, 0, 1, 0.6, 0.45, 0.92, 0.1, 0, 0, 0, 0, 0, 0.55, 0.45, 0.76, 0.1, 0, 0, 0, 0	0	4,-3,0
0, 0.05263158, 1, 0.6, 0.4, 0.6, 0.1, 0, 0, 0, 0, 0, 0.6, 0.45, 0.92, 0.1, 0, 0, 0, 0	2	0,2,-4
0, 0.05263158, 0, 0.6, 0.45, 0.92, 0.1, 0, 0, 0, 0, 1, 0.6, 0.4, 0.6, 0.1, 0, 0, 0, 0	0	4,-3,0
0.05263158, 0, 0, 0.6, 0.4, 0.52, 0.1, 0, 0, 0, 0, 1, 0.65, 0.4, 0.84, 0.1, 0, 0, 0, 0	0	0,2,-4
0.05263158, 0, 1, 0.65, 0.4, 0.84, 0.1, 0, 0, 0, 0, 0, 0.6, 0.4, 0.52, 0.1, 0, 0, 0, 0	0	0,-2,-4
0.05263158, 0, 1, 0.6, 0.5, 0.92, 0.1, 0, 0, 0, 0, 0, 0.55, 0.5, 0.92, 0.1, 0, 0, 0, 0	0	0,2,-4
0.05263158, 0, 0, 0.55, 0.5, 0.92, 0.1, 0, 0, 0, 0, 1, 0.6, 0.5, 0.92, 0.1, 0, 0, 0, 0	0	0,-2,-4
0, 0.05263158, 0, 0.6, 0.5, 0.76, 0.1, 0, 0, 0, 0, 1, 0.6, 0.45, 0.92, 0.1, 0, 0, 0, 0	2	0,2,-4
0, 0.05263158, 1, 0.6, 0.45, 0.92, 0.1, 0, 0, 0, 0, 0, 0.6, 0.5, 0.76, 0.1, 0, 0, 0, 0	0	4,-3,0
0.05263158, 0, 1, 0.6, 0.5, 0.84, 0.1, 0, 0, 0, 0, 0, 0.55, 0.5, 1, 0.1, 0, 0, 0, 0	2	0,2,-4
0.05263158, 0, 0, 0.55, 0.5, 1, 0.1, 0, 0, 0, 0, 1, 0.6, 0.5, 0.84, 0.1, 0, 0, 0, 0	0	4,-3,0
0.05263158, 0, 1, 0.6, 0.5, 0.84, 0.1, 0, 0, 0, 0, 0, 0.55, 0.5, 1, 0.1, 0, 0, 0, 0	2	0,2,-4
0.05263158, 0, 0, 0.55, 0.5, 1, 0.1, 0, 0, 0, 0, 1, 0.6, 0.5, 0.84, 0.1, 0, 0, 0, 0	0	4,-3,0
0, 0.05263158, 1, 0.55, 0.45, 0.84, 0.1, 0, 0, 0, 0, 0, 0.55, 0.5, 1, 0.1, 0, 0, 0, 0	2	0,2,-4
0, 0.05263158, 0, 0.55, 0.5, 1, 0.1, 0, 0, 0, 0, 1, 0.55, 0.45, 0.84, 0.1, 0, 0, 0, 0	0	4,-3,0
0.05263158, 0, 0, 0.55, 0.45, 0.76, 0.1, 0, 0, 0, 0, 1, 0.6, 0.45, 0.92, 0.1, 0, 0, 0, 0	0	0,2,-4
0.05263158, 0, 1, 0.6, 0.45, 0.92, 0.1, 0, 0, 0, 0, 0, 0.55, 0.45, 0.76, 0.1, 0, 0, 0, 0	0	0,-2,-4
0.05263158, 0, 1, 0.6, 0.5, 0.92, 0.1, 0, 0, 0, 0, 0, 0.55, 0.5, 0.92, 0.1, 0, 0, 0, 0	0	0,2,-4
0.05263158, 0, 0, 0.55, 0.5, 0.92, 0.1, 0, 0, 0, 0, 1, 0.6, 0.5, 0.92, 0.1, 0, 0, 0, 0	0	0,-2,-4
0, 0.05263158, 0, 0.6, 0.5, 0.92, 0.1, 0, 0, 0, 0, 1, 0.6, 0.45, 0.88, 0.1, 1, 0, 0, 0	1	0,2,-4
0, 0.05263158, 1, 0.6, 0.45, 0.88, 0.1, 1, 0, 0, 0, 0, 0.6, 0.5, 0.92, 0.1, 0, 0, 0, 0	0	-2,0,3
0.05263158, 0, 1, 0.55, 0.45, 0.92, 0.1, 0, 0, 0, 0, 0, 0.6, 0.45, 0.88, 0.15, 1, 0, 0, 0	1	4,-3,0
0.05263158, 0, 0, 0.6, 0.45, 0.88, 0.15, 1, 0, 0, 0, 1, 0.55, 0.45, 0.92, 0.1, 0, 0, 0, 0	2	-2,0,3
0.05263158, 0, 0, 0.55, 0.45, 0.92, 0.1, 0, 0, 0, 0, 1, 0.6, 0.45, 0.72, 0.15, 1, 0, 0, 0	0	4,-4,1
0.05263158, 0, 1, 0.6, 0.45, 0.72, 0.15, 1, 0, 0, 0, 0, 0.55, 0.45, 0.92, 0.1, 0, 0, 0, 0	2	1,-2,-4
0, 0.05263158, 1, 0.6, 0.4, 0.8, 0.1, 0, 0, 0, 0, 0, 0.6, 0.45, 0.64, 0.15, 0, 0, 0, 0	0	-1,1,-6
0, 0.05263158, 0, 0.6, 0.45, 0.64, 0.15, 0, 0, 0, 0, 1, 0.6, 0.4, 0.8, 0.1, 0, 0, 0, 0	0	1,-2,-4
0.05263158, 0, 0, 0.6, 0.4, 0.76, 0.1, 0, 0, 0, 0, 1, 0.55, 0.4, 0.6, 0.15, 1, 0, 0, 0	1	-1,1,-6
0.05263158, 0, 1, 0.55, 0.4, 0.6, 0.15, 1, 0, 0, 0, 0, 0.6, 0.4, 0.76, 0.1, 0, 0, 0, 0	0	-1,0,4
0, 0.05263158, 1, 0.55, 0.35, 0.76, 0.05, 0, 0, 0, 0, 0, 0.55, 0.4, 0.6, 0.1, 1, 0, 0, 0	2	4,-4,1
0, 0.05263158, 0, 0.55, 0.4, 0.6, 0.1, 1, 0, 0, 0, 1, 0.55, 0.35, 0.76, 0.05, 0, 0, 0, 0	2	6,-3,-1
0, 0.05263158, 0, 0.55, 0.35, 0.76, 0.05, 0, 0, 0, 0, 1, 0.55, 0.4, 0.6, 0.15, 1, 0, 0, 0	1	2,-4,1
0, 0.05263158, 1, 0.55, 0.4, 0.6, 0.15, 1, 0, 0, 0, 0, 0.55, 0.35, 0.76, 0.05, 0, 0, 0, 0	2	-2,0,4
0.05263158, 0, 1, 0.6, 0.4, 0.64, 0.05, 0, 0, 0, 0, 0, 0.55, 0.4, 0.56, 0.15, 0, 0, 0, 0	0	-2,1,-6
0.05263158, 0, 0, 0.55, 0.4, 0.56, 0.15, 0, 0, 0, 0, 1, 0.6, 0.4, 0.64, 0.05, 0, 0, 0, 0	0	2,-2,-2
0.05263158, 0, 0, 0.6, 0.4, 0.52, 0.05, 0, 0, 0, 0, 1, 0.65, 0.4, 0.52, 0.15, 0, 0, 0, 0	0	-2,1,-6
0.05263158, 0, 1, 0.65, 0.4, 0.52, 0.15, 0, 0, 0, 0, 0, 0.6, 0.4, 0.52, 0.05, 0, 0, 0, 0	0	2,-2,-2
0, 0.05263158, 1, 0.65, 0.45, 0.4, 0.05, 0, 0, 0, 0, 0, 0.65, 0.4, 0.48, 0.15, 0, 0, 0, 0	0	-2,1,-6
0, 0.05263158, 0, 0.65, 0.4, 0.48, 0.15, 0, 0, 0, 0, 1, 0.65, 0.45, 0.4, 0.05, 0, 0, 0, 0	0	2,-2,-2
0.05263158, 0, 0, 0.65, 0.45, 0.28, 0.05, 0, 0, 0, 0, 1, 0.7, 0.45, 0.44, 0.15, 0, 0, 0, 0	0	-2,1,-6
0.05263158, 0, 1, 0.7, 0.45, 0.44, 0.15, 0, 0, 0, 0, 0, 0.65, 0.45, 0.28, 0.05, 0, 0, 0, 0	0	2,-2,-2
0, 0.05263158, 1, 0.7, 0.5, 0.16, 0.05, 0, 0, 0, 0, 0, 0.7, 0.45, 0.4, 0.15, 0, 0, 0, 0	0	-2,1,-6
0, 0.05263158, 0, 0.7, 0.45, 0.4, 0.15, 0, 0, 0, 0, 1, 0.7, 0.5, 0.16, 0.05, 0, 0, 0, 0	0	2,-2,-2
0.05263158, 0, 0, 0.7, 0.5, 0.04, 0.05, 0, 0, 0, 0, 1, 0.75, 0.5, 0.36, 0.15, 0, 0, 0, 0	0	-2,1,-6
0.05263158, 0, 1, 0.75, 0.5, 0.36, 0.15, 0, 0, 0, 0, 0, 0.7, 0.5, 0.04, 0.05, 0, 0, 0, 0	0	2,-2,-2
0.05263158, 0, 1, 0.8, 0.5, 0, 0.05, 0, 0, 0, 0, 0, 0.75, 0.5, 0.32, 0.15, 0, 0, 0, 0	0	-2,1,-6
0.05263158, 0, 0, 0.75, 0.5, 0.32, 0.15, 0, 0, 0, 0, 1, 0.8, 0.5, 0, 0.05, 0, 0, 0, 0	0	2,-2,-2
0.05263158, 0, 1, 0.6, 0.5, 0.84, 0.1, 0, 0, 0, 0, 0, 0.55, 0.5, 1, 0.1, 0, 0, 0, 0	2	0,2,-4
0.05263158, 0, 0, 0.55, 0.5, 1, 0.1, 0, 0, 0, 0, 1, 0.6, 0.5, 0.84, 0.1, 0, 0, 0, 0	0	4,-3,0
0.05263158, 0, 1, 0.6, 0.5, 0.92, 0.1, 0, 0, 0, 0, 0, 0.55, 0.5, 0.92, 0.1, 0, 0, 0, 0	0	0,2,-4
0.05263158, 0, 0, 0.55, 0.5, 0.92, 0.1, 0, 0, 0, 0, 1, 0.6, 0.5, 0.92, 0.1, 0, 0, 0, 0	0	0,-2,-4
0, 0.05263158, 0, 0.6, 0.5, 0.84, 0.1, 0, 0, 0, 0, 1, 0.6, 0.45, 0.84, 0.1, 0, 0, 0, 0	0	0,2,-4
0, 0.05263158, 1, 0.6, 0.45, 0.84, 0.1, 0, 0, 0, 0, 0, 0.6, 0.5, 0.84, 0.1, 0, 0, 0, 0	0	0,-2,-4
0, 0.05263158, 1, 0.6, 0.4, 0.84, 0.1, 0, 0, 0, 0, 0, 0.6, 0.45, 0.8, 0.1, 1, 0, 0, 0	1	0,2,-4
0, 0.05263158, 0, 0.6, 0.45, 0.8, 0.1, 1, 0, 0, 0, 1, 0.6, 0.4, 0.84, 0.1, 0, 0, 0, 0	0	-2,0,3
0, 0.05263158, 0, 0.6, 0.4, 0.84, 0.1, 0, 0, 0, 0, 1, 0.6, 0.45, 0.64, 0.1, 1, 0, 0, 0	0	4,-3,0
0, 0.05263158, 1, 0.6, 0.45, 0.64, 0.1, 1, 0, 0, 0, 0, 0.6, 0.4, 0.84, 0.1, 0, 0, 0, 0	2	0,-2,-4
0.05263158, 0, 1, 0.65, 0.45, 0.84, 0.1, 0, 0, 0, 0, 0, 0.6, 0.45, 0.48, 0.1, 1, 0, 0, 0	0	4,-3,0
0.05263158, 0, 0, 0.6, 0.45, 0.48, 0.1, 1, 0, 0, 0, 1, 0.65, 0.45, 0.84, 0.1, 0, 0, 0, 0	2	0,-2,-4
0, 0.05263158, 0, 0.65, 0.45, 0.76, 0.1, 0, 0, 0, 0, 1, 0.65, 0.4, 0.4, 0.1, 0, 0, 0, 0	0	0,2,-4
0, 0.05263158, 1, 0.65, 0.4, 0.4, 0.1, 0, 0, 0, 0, 0, 0.65, 0.45, 0.76, 0.1, 0, 0, 0, 0	0	0,-2,-4
0.05263158, 0, 1, 0.7, 0.4, 0.68, 0.1, 0, 0, 0, 0, 0, 0.65, 0.4, 0.32, 0.1, 0, 0, 0, 0	0	0,2,-4
0.05263158, 0, 0, 0.65, 0.4, 0.32, 0.1, 0, 0, 0, 0, 1, 0.7, 0.4, 0.68, 0.1, 0, 0, 0, 0	0	0,-2,-4
0, 0.05263158, 0, 0.7, 0.4, 0.6, 0.1, 0, 0, 0, 0, 1, 0.7, 0.45, 0.24, 0.1, 0, 0, 0, 0	0	0,2,-4
0, 0.05263158, 1, 0.7, 0.45, 0.24, 0.1, 0, 0, 0, 0, 0, 0.7, 0.4, 0.6, 0.1, 0, 0, 0, 0	0	0,-2,-4
0.05263158, 0, 1, 0.65, 0.45, 0.52, 0.1, 0, 0, 0, 0, 0, 0.7, 0.45, 0.16, 0.1, 0, 0, 0, 0	0	0,2,-4
0.05263158, 0, 0, 0.7, 0.45, 0.16, 0.1, 0, 0, 0, 0, 1, 0.65, 0.45, 0.52, 0.1, 0, 0, 0, 0	0	0,-2,-4
0.05263158, 0, 0, 0.65, 0.45, 0.44, 0.1, 0, 0, 0, 0, 1, 0.6, 0.45, 0.08, 0.1, 0, 0, 0, 0	0	0,2,-4
0.05263158, 0, 1, 0.6, 0.45, 0.08, 0.1, 0, 0, 0, 0, 0, 0.65, 0.45, 0.44, 0.1, 0, 0, 0, 0	0	0,-2,-4
0, 0.05263158, 1, 0.6, 0.4, 0.36, 0.1, 0, 0, 0, 0, 0, 0.6, 0.45, 0, 0.1, 0, 0, 0, 0	0	0,2,-4
0, 0.05263158, 0, 0.6, 0.45, 0, 0.1, 0, 0, 0, 0, 1, 0.6, 0.4, 0.36, 0.1, 0, 0, 0, 0	0	0,-2,-4
0.05263158, 0, 1, 0.55, 0.55, 0.92, 0.1, 0, 0, 0, 0, 0, 0.5, 0.55, 0.92, 0.1, 0, 0, 0, 0	0	0,2,-4
0.05263158, 0, 0, 0.5, 0.55, 0.92, 0.1, 0, 0, 0, 0, 1, 0.55, 0.55, 0.92, 0.1, 0, 0, 0, 0	0	0,-2,-4
0.05263158, 0, 0, 0.55, 0.55, 0.76, 0.1, 0, 0, 0, 0, 1, 0.6, 0.55, 0.92, 0.1, 0, 0, 0, 0	2	0,2,-4
0.05263158, 0, 1, 0.6, 0.55, 0.92, 0.1, 0, 0, 0, 0, 0, 0.55, 0.55, 0.76, 0.1, 0, 0, 0, 0	0	4,-3,0
0, 0.05263158, 1, 0.6, 0.5, 0.68, 0.1, 0, 0, 0, 0, 0, 0.6, 0.55, 0.84, 0.1, 0, 0, 0, 0	0	0,2,-4
0, 0.05263158, 0, 0.6, 0.55, 0.84, 0.1, 0, 0, 0, 0, 1, 0.6, 0.5, 0.68, 0.1, 0, 0, 0, 0	0	0,-2,-4
0, 0.05263158, 1, 0.55, 0.45, 0.84, 0.1, 0, 0, 0, 0, 0, 0.55, 0.5, 1, 0.1, 0, 0, 0, 0	2	0,2,-4
0, 0.05263158, 0, 0.55, 0.5, 1, 0.1, 0, 0, 0, 0, 1, 0.55, 0.45, 0.84, 0.1, 0, 0, 0, 0	0	4,-3,0
0, 0.05263158, 0, 0.55, 0.45, 0.76, 0.1, 0, 0, 0, 0, 1, 0.55, 0.4, 0.92, 0.1, 0, 0, 0, 0	0	0,2,-4
0, 0.05263158, 1, 0.55, 0.4, 0.92, 0.1, 0, 0, 0, 0, 0, 0.55, 0.45, 0.76, 0.1, 0, 0, 0, 0	0	0,-2,-4
0.05263158, 0, 1, 0.6, 0.4, 0.6, 0.1, 0, 0, 0, 0, 0, 0.55, 0.4, 0.92, 0.1, 0, 0, 0, 0	2	0,2,-4
0.05263158, 0, 0, 0.55, 0.4, 0.92, 0.1, 0, 0, 0, 0, 1, 0.6, 0.4, 0.6, 0.1, 0, 0, 0, 0	0	4,-3,0
0.05263158, 0, 0, 0.6, 0.4, 0.6, 0.1, 0, 0, 0, 0, 1, 0.65, 0.4, 0.88, 0.1, 1, 0, 0, 0	1	0,2,-4
0.05263158, 0, 1, 0.65, 0.4, 0.88, 0.1, 1, 0, 0, 0, 0, 0.6, 0.4, 0.6, 0.1, 0, 0, 0, 0	0	-2,0,3
0, 0.05263158, 1, 0.65, 0.45, 0.6, 0.1, 0, 0, 0, 0, 0, 0.65, 0.4, 0.88, 0.15, 1, 0, 0, 0	1	4,-3,0
0, 0.05263158, 0, 0.65, 0.4, 0.88, 0.15, 1, 0, 0, 0, 1, 0.65, 0.45, 0.6, 0.1, 0, 0, 0, 0	2	-2,0,3
0, 0.05263158, 0, 0.65, 0.45, 0.6, 0.1, 0, 0, 0, 0, 1, 0.65, 0.4, 0.72, 0.15, 1, 0, 0, 0	0	4,-4,1
0, 0.05263158, 1, 0.65, 0.4, 0.72, 0.15, 1, 0, 0, 0, 0, 0.65, 0.45, 0.6, 0.1, 0, 0, 0, 0	2	1,-2,-4
0.05263158, 0, 1, 0.7, 0.4, 0.48, 0.1, 0, 0, 0, 0, 0, 0.65, 0.4, 0.64, 0.15, 0, 0, 0, 0	0	-1,1,-6
0.05263158, 0, 0, 0.65, 0.4, 0.64, 0.15, 0, 0, 0, 0, 1, 0.7, 0.4, 0.48, 0.1, 0, 0, 0, 0	0	1,-2,-4
0, 0.05263158, 0, 0.7, 0.4, 0.36, 0.1, 0, 0, 0, 0, 1, 0.7, 0.35, 0.56, 0.15, 0, 0, 0, 0	0	-1,1,-6
0, 0.05263158, 1, 0.7, 0.35, 0.56, 0.15, 0, 0, 0, 0, 0, 0.7, 0.4, 0.36, 0.1, 0, 0, 0, 0	0	1,-2,-4
0, 0.05263158, 1, 0.7, 0.3, 0.24, 0.1, 0, 0, 0, 0, 0, 0.7, 0.35, 0.48, 0.15, 0, 0, 0, 0	0	-1,1,-6
0, 0.05263158, 0, 0.7, 0.35, 0.48, 0.15, 0, 0, 0, 0, 1, 0.7, 0.3, 0.24, 0.1, 0, 0, 0, 0	0	1,-2,-4
0, 0.05263158, 0, 0.7, 0.3, 0, 0.1, 0, 0, 0, 0, 1, 0.7, 0.25, 0.48, 0.15, 0, 0, 0, 0	2	-1,1,-6
0, 0.05263158, 1, 0.7, 0.25, 0.48, 0.15, 0, 0, 0, 0, 0, 0.7, 0.3, 0, 0.1, 0, 0, 0, 0	0	6,-3,-1
0.05263158, 0, 1, 0.55, 0.55, 1, 0.1, 0, 0, 0, 0, 0, 0.5, 0.55, 0.96, 0.1, 1, 0, 0, 0	1	0,2,-4
0.05263158, 0, 0, 0.5, 0.55, 0.96, 0.1, 1, 0, 0, 0, 1, 0.55, 0.55, 1, 0.1, 0, 0, 0, 0	0	-2,0,3
0.05263158, 0, 0, 0.55, 0.55, 1, 0.1, 0, 0, 0, 0, 1, 0.5, 0.55, 0.96, 0.15, 1, 0, 0, 0	1	4,-3,0
0.05263158, 0, 1, 0.5, 0.55, 0.96, 0.15, 1, 0, 0, 0, 0, 0.55, 0.55, 1, 0.1, 0, 0, 0, 0	2	-2,0,3
0, 0.05263158, 1, 0.5, 0.6, 1, 0.1, 0, 0, 0, 0, 0, 0.5, 0.55, 0.8, 0.15, 1, 0, 0, 0	0	4,-4,1
0, 0.05263158, 0, 0.5, 0.55, 0.8, 0.15, 1, 0, 0, 0, 1, 0.5, 0.6, 1, 0.1, 0, 0, 0, 0	2	1,-2,-4
0.05263158, 0, 0, 0.5, 0.6, 0.88, 0.1, 0, 0, 0, 0, 1, 0.55, 0.6, 0.72, 0.15, 0, 0, 0, 0	0	-1,1,-6
0.05263158, 0, 1, 0.55, 0.6, 0.72, 0.15, 0, 0, 0, 0, 0, 0.5, 0.6, 0.88, 0.1, 0, 0, 0, 0	0	1,-2,-4
0, 0.05263158, 1, 0.55, 0.65, 0.84, 0.1, 0, 0, 0, 0, 0, 0.55, 0.6, 0.68, 0.15, 1, 0, 0, 0	1	-1,1,-6
0, 0.05263158, 0, 0.55, 0.6, 0.68, 0.15, 1, 0, 0, 0, 1, 0.55, 0.65, 0.84, 0.1, 0, 0, 0, 0	0	-1,0,4
0, 0.05263158, 0, 0.55, 0.65, 0.84, 0.1, 0, 0, 0, 0, 1, 0.55, 0.6, 0.52, 0.15, 1, 0, 0, 0	0	4,-4,1
0, 0.05263158, 1, 0.55, 0.6, 0.52, 0.15, 1, 0, 0, 0, 0, 0.55, 0.65, 0.84, 0.1, 0, 0, 0, 0	2	1,-2,-4
0.05263158, 0, 1, 0.5, 0.6, 0.84, 0.1, 0, 0, 0, 0, 0, 0.55, 0.6, 0.36, 0.15, 1, 0, 0, 0	0	4,-4,1
0.05263158, 0, 0, 0.55, 0.6, 0.36, 0.15, 1, 0, 0, 0, 1, 0.5, 0.6, 0.84, 0.1, 0, 0, 0, 0	2	1,-2,-4
0.05263158, 0, 0, 0.5, 0.6, 0.6, 0.1, 0, 0, 0, 0, 1, 0.45, 0.6, 0.36, 0.15, 0, 0, 0, 0	2	-1,1,-6
0.05263158, 0, 1, 0.45, 0.6, 0.36, 0.15, 0, 0, 0, 0, 0, 0.5, 0.6, 0.6, 0.1, 0, 0, 0, 0	0	6,-3,-1
0, 0.05263158, 1, 0.45, 0.65, 0.48, 0.1, 0, 0, 0, 0, 0, 0.45, 0.6, 0.28, 0.15, 0, 0, 0, 0	0	-1,1,-6
0, 0.05263158, 0, 0.45, 0.6, 0.28, 0.15, 0, 0, 0, 0, 1, 0.45, 0.65, 0.48, 0.1, 0, 0, 0, 0	0	1,-2,-4
0, 0.05263158, 0, 0.45, 0.65, 0.24, 0.1, 0, 0, 0, 0, 1, 0.45, 0.7, 0.28, 0.15, 0, 0, 0, 0	2	-1,1,-6
0, 0.05263158, 1, 0.45, 0.7, 0.28, 0.15, 0, 0, 0, 0, 0, 0.45, 0.65, 0.24, 0.1, 0, 0, 0, 0	0	6,-3,-1
0, 0.05263158, 1, 0.45, 0.75, 0.12, 0.1, 0, 0, 0, 0, 0, 0.45, 0.7, 0.2, 0.15, 0, 0, 0, 0	0	-1,1,-6
0, 0.05263158, 0, 0.45, 0.7, 0.2, 0.15, 0, 0, 0, 0, 1, 0.45, 0.75, 0.12, 0.1, 0, 0, 0, 0	0	1,-2,-4
0.05263158, 0, 0, 0.45, 0.75, 0, 0.1, 0, 0, 0, 0, 1, 0.5, 0.75, 0.12, 0.15, 0, 0, 0, 0	0	-1,1,-6
0.05263158, 0, 1, 0.5, 0.75, 0.12, 0.15, 0, 0, 0, 0, 0, 0.45, 0.75, 0, 0.1, 0, 0, 0, 0	0	1,-2,-4
0.05263158, 0, 1, 0.55, 0.55, 0.92, 0.1, 0, 0, 0, 0, 0, 0.5, 0.55, 0.92, 0.1, 0, 0, 0, 0	0	0,2,-4
0.05263158, 0, 0, 0.5, 0.55, 0.92, 0.1, 0, 0, 0, 0, 1, 0.55, 0.55, 0.92, 0.1, 0, 0, 0, 0	0	0,-2,-4
0.05263158, 0, 0, 0.55, 0.55, 0.84, 0.1, 0, 0, 0, 0, 1, 0.6, 0.55, 0.84, 0.1, 0, 0, 0, 0	0	0,2,-4
0.05263158, 0, 1, 0.6, 0.55, 0.84, 0.1, 0, 0, 0, 0, 0, 0.55, 0.55, 0.84, 0.1, 0, 0, 0, 0	0	0,-2,-4
0.05263158, 0, 1, 0.65, 0.55, 0.76, 0.1, 0, 0, 0, 0, 0, 0.6, 0.55, 0.76, 0.1, 0, 0, 0, 0	0	0,2,-4
0.05263158, 0, 0, 0.6, 0.55, 0.76, 0.1, 0, 0, 0, 0, 1, 0.65, 0.55, 0.76, 0.1, 0, 0, 0, 0	0	0,-2,-4
0, 0.05263158, 0, 0.65, 0.55, 0.68, 0.1, 0, 0, 0, 0, 1, 0.65, 0.5, 0.68, 0.1, 0, 0, 0, 0	0	0,2,-4
0, 0.05263158, 1, 0.65, 0.5, 0.68, 0.1, 0, 0, 0, 0, 0, 0.65, 0.55, 0.68, 0.1, 0, 0, 0, 0	0	0,-2,-4
0, 0.05263158, 1, 0.65, 0.45, 0.68, 0.1, 0, 0, 0, 0, 0, 0.65, 0.5, 0.64, 0.1, 1, 0, 0, 0	1	0,2,-4
0, 0.05263158, 0, 0.65, 0.5, 0.64, 0.1, 1, 0, 0, 0, 1, 0.65, 0.45, 0.68, 0.1, 0, 0, 0, 0	0	-2,0,3
0, 0.05263158, 0, 0.65, 0.45, 0.68, 0.05, 0, 0, 0, 0, 1, 0.65, 0.5, 0.64, 0.05, 1, 0, 0, 0	2	4,-3,0
0, 0.05263158, 1, 0.65, 0.5, 0.64, 0.05, 1, 0, 0, 0, 0, 0.65, 0.45, 0.68, 0.05, 0, 0, 0, 0	2	4,-3,0
0, 0.05263158, 1, 0.65, 0.55, 0.68, 0.05, 0, 0, 0, 0, 0, 0.65, 0.5, 0.56, 0.05, 1, 0, 0, 0	0	2,-3,0
0, 0.05263158, 0, 0.65, 0.5, 0.56, 0.05, 1, 0, 0, 0, 1, 0.65, 0.55, 0.68, 0.05, 0, 0, 0, 0	2	0,-2,-2
0.05263158, 0, 0, 0.65, 0.55, 0.64, 0.05, 0, 0, 0, 0, 1, 0.7, 0.55, 0.52, 0.05, 0, 0, 0, 0	0	0,2,-2
0.05263158, 0, 1, 0.7, 0.55, 0.52, 0.05, 0, 0, 0, 0, 0, 0.65, 0.55, 0.64, 0.05, 0, 0, 0, 0	0	0,-2,-2
0, 0.05263158, 1, 0.7, 0.5, 0.56, 0.05, 0, 0, 0, 0, 0, 0.7, 0.55, 0.52, 0.05, 0, 0, 0, 0	2	0,2,-2
0, 0.05263158, 0, 0.7, 0.55, 0.52, 0.05, 0, 0, 0, 0, 1, 0.7, 0.5, 0.56, 0.05, 0, 0, 0, 0	0	2,-3,0
0.05263158, 0, 1, 0.6, 0.5, 0.92, 0.1, 0, 0, 0, 0, 0, 0.55, 0.5, 0.92, 0.1, 0, 0, 0, 0	0	0,2,-4
0.05263158, 0, 0, 0.55, 0.5, 0.92, 0.1, 0, 0, 0, 0, 1, 0.6, 0.5, 0.92, 0.1, 0, 0, 0, 0	0	0,-2,-4
0, 0.05263158, 0, 0.6, 0.5, 0.76, 0.1, 0, 0, 0, 0, 1, 0.6, 0.45, 0.92, 0.1, 0, 0, 0, 0	2	0,2,-4
0, 0.05263158, 1, 0.6, 0.45, 0.92, 0.1, 0, 0, 0, 0, 0, 0.6, 0.5, 0.76, 0.1, 0, 0, 0, 0	0	4,-3,0
0.05263158, 0, 1, 0.55, 0.45, 0.6, 0.1, 0, 0, 0, 0, 0, 0.6, 0.45, 0.92, 0.1, 0, 0, 0, 0	2	0,2,-4
0.05263158, 0, 0, 0.6, 0.45, 0.92, 0.1, 0, 0, 0, 0, 1, 0.55, 0.45, 0.6, 0.1, 0, 0, 0, 0	0	4,-3,0
0, 0.05263158, 0, 0.55, 0.45, 0.44, 0.1, 0, 0, 0, 0, 1, 0.55, 0.4, 0.92, 0.1, 0, 0, 0, 0	2	0,2,-4
0, 0.05263158, 1, 0.55, 0.4, 0.92, 0.1, 0, 0, 0, 0, 0, 0.55, 0.45, 0.44, 0.1, 0, 0, 0, 0	0	4,-3,0
0, 0.05263158, 1, 0.55, 0.35, 0.36, 0.1, 0, 0, 0, 0, 0, 0.55, 0.4, 0.84, 0.1, 0, 0, 0, 0	0	0,2,-4
0, 0.05263158, 0, 0.55, 0.4, 0.84, 0.1, 0, 0, 0, 0, 1, 0.55, 0.35, 0.36, 0.1, 0, 0, 0, 0	0	0,-2,-4
0.05263158, 0, 0, 0.55, 0.35, 0.2, 0.1, 0, 0, 0, 0, 1, 0.6, 0.35, 0.84, 0.1, 0, 0, 0, 0	2	0,2,-4
0.05263158, 0, 1, 0.6, 0.35, 0.84, 0.1, 0, 0, 0, 0, 0, 0.55, 0.35, 0.2, 0.1, 0, 0, 0, 0	0	4,-3,0
0.05263158, 0, 1, 0.55, 0.55, 0.84, 0.1, 0, 0, 0, 0, 0, 0.5, 0.55, 1, 0.1, 0, 0, 0, 0	2	0,2,-4
0.05263158, 0, 0, 0.5, 0.55, 1, 0.1, 0, 0, 0, 0, 1, 0.55, 0.55, 0.84, 0.1, 0, 0, 0, 0	0	4,-3,0
0, 0.05263158, 0, 0.55, 0.55, 0.68, 0.1, 0, 0, 0, 0, 1, 0.55, 0.6, 1, 0.1, 0, 0, 0, 0	2	0,2,-4
0, 0.05263158, 1, 0.55, 0.6, 1, 0.1, 0, 0, 0, 0, 0, 0.55, 0.55, 0.68, 0.1, 0, 0, 0, 0	0	4,-3,0
0, 0.05263158, 1, 0.55, 0.65, 0.52, 0.1, 0, 0, 0, 0, 0, 0.55, 0.6, 1, 0.1, 0, 0, 0, 0	2	0,2,-4
0, 0.05263158, 0, 0.55, 0.6, 1, 0.1, 0, 0, 0, 0, 1, 0.55, 0.65, 0.52, 0.1, 0, 0, 0, 0	0	4,-3,0
0.05263158, 0, 0, 0.55, 0.65, 0.44, 0.1, 0, 0, 0, 0, 1, 0.6, 0.65, 0.92, 0.1, 0, 0, 0, 0	0	0,2,-4
0.05263158, 0, 1, 0.6, 0.65, 0.92, 0.1, 0, 0, 0, 0, 0, 0.55, 0.65, 0.44, 0.1, 0, 0, 0, 0	0	0,-2,-4
0, 0.05263158, 1, 0.6, 0.7, 0.36, 0.1, 0, 0, 0, 0, 0, 0.6, 0.65, 0.84, 0.1, 0, 0, 0, 0	0	0,2,-4
0, 0.05263158, 0, 0.6, 0.65, 0.84, 0.1, 0, 0, 0, 0, 1, 0.6, 0.7, 0.36, 0.1, 0, 0, 0, 0	0	0,-2,-4
0.05263158, 0, 0, 0.6, 0.7, 0.28, 0.1, 0, 0, 0, 0, 1, 0.65, 0.7, 0.76, 0.1, 0, 0, 0, 0	0	0,2,-4
0.05263158, 0, 1, 0.65, 0.7, 0.76, 0.1, 0, 0, 0, 0, 0, 0.6, 0.7, 0.28, 0.1, 0, 0, 0, 0	0	0,-2,-4
0, 0.05263158, 1, 0.65, 0.65, 0.2, 0.1, 0, 0, 0, 0, 0, 0.65, 0.7, 0.68, 0.1, 0, 0, 0, 0	0	0,2,-4
0, 0.05263158, 0, 0.65, 0.7, 0.68, 0.1, 0, 0, 0, 0, 1, 0.65, 0.65, 0.2, 0.1, 0, 0, 0, 0	0	0,-2,-4
0.05263158, 0, 0, 0.65, 0.65, 0.12, 0.1, 0, 0, 0, 0, 1, 0.6, 0.65, 0.6, 0.1, 0, 0, 0, 0	0	0,2,-4
0.05263158, 0, 1, 0.6, 0.65, 0.6, 0.1, 0, 0, 0, 0, 0, 0.65, 0.65, 0.12, 0.1, 0, 0, 0, 0	0	0,-2,-4
0.05263158, 0, 1, 0.55, 0.65, 0.04, 0.1, 0, 0, 0, 0, 0, 0.6, 0.65, 0.52, 0.1, 0, 0, 0, 0	0	0,2,-4
0.05263158, 0, 0, 0.6, 0.65, 0.52, 0.1, 0, 0, 0, 0, 1, 0.55, 0.65, 0.04, 0.1, 0, 0, 0, 0	0	0,-2,-4
0, 0.05263158, 0, 0.55, 0.65, 0, 0.1, 0, 0, 0, 0, 1, 0.55, 0.7, 0.44, 0.1, 0, 0, 0, 0	0	0,2,-4
0, 0.05263158, 1, 0.55, 0.7, 0.44, 0.1, 0, 0, 0, 0, 0, 0.55, 0.65, 0, 0.1, 0, 0, 0, 0	0	0,-2,-4
0.05263158, 0, 1, 0.6, 0.5, 0.92, 0.1, 0, 0, 0, 0, 0, 0.55, 0.5, 0.92, 0.1, 0, 0, 0, 0	0	0,2,-4
0.05263158, 0, 0, 0.55, 0.5, 0.92, 0.1, 0, 0, 0, 0, 1, 0.6, 0.5, 0.92, 0.1, 0, 0, 0, 0	0	0,-2,-4
0, 0.05263158, 0, 0.6, 0.5, 0.84, 0.1, 0, 0, 0, 0, 1, 0.6, 0.55, 0.84, 0.1, 0, 0, 0, 0	0	0,2,-4
0, 0.05263158, 1, 0.6, 0.55, 0.84, 0.1, 0, 0, 0, 0, 0, 0.6, 0.5, 0.84, 0.1, 0, 0, 0, 0	0	0,-2,-4
0.05263158, 0, 1, 0.65, 0.55, 0.76, 0.1, 0, 0, 0, 0, 0, 0.6, 0.55, 0.76, 0.1, 0, 0, 0, 0	0	0,2,-4
0.05263158, 0, 0, 0.6, 0.55, 0.76, 0.1, 0, 0, 0, 0, 1, 0.65, 0.55, 0.76, 0.1, 0, 0, 0, 0	0	0,-2,-4
0, 0.05263158, 0, 0.65, 0.55, 0.76, 0.1, 0, 0, 0, 0, 1, 0.65, 0.5, 0.72, 0.1, 1, 0, 0, 0	1	0,2,-4
0, 0.05263158, 1, 0.65, 0.5, 0.72, 0.1, 1, 0, 0, 0, 0, 0.65, 0.55, 0.76, 0.1, 0, 0, 0, 0	0	-2,0,3
0, 0.05263158, 1, 0.65, 0.45, 0.76, 0.1, 0, 0, 0, 0, 0, 0.65, 0.5, 0.56, 0.1, 1, 0, 0, 0	0	4,-3,0
0, 0.05263158, 0, 0.65, 0.5, 0.56, 0.1, 1, 0, 0, 0, 1, 0.65, 0.45, 0.76, 0.1, 0, 0, 0, 0	2	0,-2,-4
0, 0.05263158, 0, 0.65, 0.45, 0.76, 0.1, 0, 0, 0, 0, 1, 0.65, 0.5, 0.4, 0.1, 1, 0, 0, 0	0	4,-3,0
0, 0.05263158, 1, 0.65, 0.5, 0.4, 0.1, 1, 0, 0, 0, 0, 0.65, 0.45, 0.76, 0.1, 0, 0, 0, 0	2	0,-2,-4
0.05263158, 0, 1, 0.6, 0.5, 0.68, 0.1, 0, 0, 0, 0, 0, 0.65, 0.5, 0.32, 0.1, 0, 0, 0, 0	0	0,2,-4
0.05263158, 0, 0, 0.65, 0.5, 0.32, 0.1, 0, 0, 0, 0, 1, 0.6, 0.5, 0.68, 0.1, 0, 0, 0, 0	0	0,-2,-4
0, 0.05263158, 0, 0.6, 0.5, 0.6, 0.1, 0, 0, 0, 0, 1, 0.6, 0.55, 0.24, 0.1, 0, 0, 0, 0	0	0,2,-4
0, 0.05263158, 1, 0.6, 0.55, 0.24, 0.1, 0, 0, 0, 0, 0, 0.6, 0.5, 0.6, 0.1, 0, 0, 0, 0	0	0,-2,-4
0.05263158, 0, 1, 0.55, 0.55, 0.52, 0.1, 0, 0, 0, 0, 0, 0.6, 0.55, 0.16, 0.1, 0, 0, 0, 0	0	0,2,-4
0.05263158, 0, 0, 0.6, 0.55, 0.16, 0.1, 0, 0, 0, 0, 1, 0.55, 0.55, 0.52, 0.1, 0, 0, 0, 0	0	0,-2,-4
0, 0.05263158, 0, 0.55, 0.55, 0.44, 0.1, 0, 0, 0, 0, 1, 0.55, 0.5, 0.08, 0.1, 0, 0, 0, 0	0	0,2,-4
0, 0.05263158, 1, 0.55, 0.5, 0.08, 0.1, 0, 0, 0, 0, 0, 0.55, 0.55, 0.44, 0.1, 0, 0, 0, 0	0	0,-2,-4
0.05263158, 0, 1, 0.6, 0.5, 0.44, 0.1, 0, 0, 0, 0, 0, 0.55, 0.5, 0.04, 0.1, 1, 0, 0, 0	1	0,2,-4
0.05263158, 0, 0, 0.55, 0.5, 0.04, 0.1, 1, 0, 0, 0, 1, 0.6, 0.5, 0.44, 0.1, 0, 0, 0, 0	0	-2,0,3
0.05263158, 0, 0, 0.6, 0.5, 0.44, 0.1, 0, 0, 0, 0, 1, 0.55, 0.5, 0, 0.1, 1, 0, 0, 0	0	4,-3,0
0.05263158, 0, 1, 0.55, 0.5, 0, 0.1, 1, 0, 0, 0, 0, 0.6, 0.5, 0.44, 0.1, 0, 0, 0, 0	2	0,-2,-4
0.05263158, 0, 1, 0.6, 0.5, 0.92, 0.1, 0, 0, 0, 0, 0, 0.55, 0.5, 0.92, 0.1, 0, 0, 0, 0	0	0,2,-4
0.05263158, 0, 0, 0.55, 0.5, 0.92, 0.1, 0, 0, 0, 0, 1, 0.6, 0.5, 0.92, 0.1, 0, 0, 0, 0	0	0,-2,-4
0, 0.05263158, 0, 0.6, 0.5, 0.84, 0.1, 0, 0, 0, 0, 1, 0.6, 0.45, 0.84, 0.1, 0, 0, 0, 0	0	0,2,-4
0, 0.05263158, 1, 0.6, 0.45, 0.84, 0.1, 0, 0, 0, 0, 0, 0.6, 0.5, 0.84, 0.1, 0, 0, 0, 0	0	0,-2,-4
0.05263158, 0, 1, 0.65, 0.45, 0.76, 0.1, 0, 0, 0, 0, 0, 0.6, 0.45, 0.76, 0.1, 0, 0, 0, 0	0	0,2,-4
0.05263158, 0, 0, 0.6, 0.45, 0.76, 0.1, 0, 0, 0, 0, 1, 0.65, 0.45, 0.76, 0.1, 0, 0, 0, 0	0	0,-2,-4
0.05263158, 0, 0, 0.65, 0.45, 0.68, 0.1, 0, 0, 0, 0, 1, 0.7, 0.45, 0.68, 0.1, 0, 0, 0, 0	0	0,2,-4
0.05263158, 0, 1, 0.7, 0.45, 0.68, 0.1, 0, 0, 0, 0, 0, 0.65, 0.45, 0.68, 0.1, 0, 0, 0, 0	0	0,-2,-4
0, 0.05263158, 1, 0.7, 0.5, 0.6, 0.1, 0, 0, 0, 0, 0, 0.7, 0.45, 0.6, 0.1, 0, 0, 0, 0	0	0,2,-4
0, 0.05263158, 0, 0.7, 0.45, 0.6, 0.1, 0, 0, 0, 0, 1, 0.7, 0.5, 0.6, 0.1, 0, 0, 0, 0	0	0,-2,-4
0.05263158, 0, 0, 0.7, 0.5, 0.52, 0.1, 0, 0, 0, 0, 1, 0.75, 0.5, 0.52, 0.1, 0, 0, 0, 0	0	0,2,-4
0.05263158, 0, 1, 0.75, 0.5, 0.52, 0.1, 0, 0, 0, 0, 0, 0.7, 0.5, 0.52, 0.1, 0, 0, 0, 0	0	0,-2,-4
0, 0.05263158, 1, 0.75, 0.55, 0.52, 0.1, 0, 0, 0, 0, 0, 0.75, 0.5, 0.48, 0.1, 1, 0, 0, 0	1	0,2,-4
0, 0.05263158, 0, 0.75, 0.5, 0.48, 0.1, 1, 0, 0, 0, 1, 0.75, 0.55, 0.52, 0.1, 0, 0, 0, 0	0	-2,0,3
0, 0.05263158, 0, 0.75, 0.55, 0.52, 0.1, 0, 0, 0, 0, 1, 0.75, 0.5, 0.32, 0.1, 1, 0, 0, 0	0	4,-3,0
0, 0.05263158, 1, 0.75, 0.5, 0.32, 0.1, 1, 0, 0, 0, 0, 0.75, 0.55, 0.52, 0.1, 0, 0, 0, 0	2	0,-2,-4
0, 0.05263158, 1, 0.75, 0.45, 0.52, 0.1, 0, 0, 0, 0, 0, 0.75, 0.5, 0.16, 0.1, 1, 0, 0, 0	0	4,-3,0
0, 0.05263158, 0, 0.75, 0.5, 0.16, 0.1, 1, 0, 0, 0, 1, 0.75, 0.45, 0.52, 0.1, 0, 0, 0, 0	2	0,-2,-4
0.05263158, 0, 0, 0.75, 0.45, 0.44, 0.1, 0, 0, 0, 0, 1, 0.8, 0.45, 0.08, 0.1, 0, 0, 0, 0	0	0,2,-4
0.05263158, 0, 1, 0.8, 0.45, 0.08, 0.1, 0, 0, 0, 0, 0, 0.75, 0.45, 0.44, 0.1, 0, 0, 0, 0	0	0,-2,-4
0.05263158, 0, 1, 0.85, 0.45, 0.36, 0.1, 0, 0, 0, 0, 0, 0.8, 0.45, 0, 0.1, 0, 0, 0, 0	0	0,2,-4
0.05263158, 0, 0, 0.8, 0.45, 0, 0.1, 0, 0, 0, 0, 1, 0.85, 0.45, 0.36, 0.1, 0, 0, 0, 0	0	0,-2,-4
0, 0.05263158, 1, 0.55, 0.45, 0.92, 0.1, 0, 0, 0, 0, 0, 0.55, 0.5, 0.92, 0.1, 0, 0, 0, 0	0	0,2,-4
0, 0.05263158, 0, 0.55, 0.5, 0.92, 0.1, 0, 0, 0, 0, 1, 0.55, 0.45, 0.92, 0.1, 0, 0, 0, 0	0	0,-2,-4
0.05263158, 0, 0, 0.55, 0.45, 0.84, 0.1, 0, 0, 0, 0, 1, 0.6, 0.45, 0.84, 0.1, 0, 0, 0, 0	0	0,2,-4
0.05263158, 0, 1, 0.6, 0.45, 0.84, 0.1, 0, 0, 0, 0, 0, 0.55, 0.45, 0.84, 0.1, 0, 0, 0, 0	0	0,-2,-4
0, 0.05263158, 1, 0.6, 0.5, 0.76, 0.1, 0, 0, 0, 0, 0, 0.6, 0.45, 0.76, 0.1, 0, 0, 0, 0	0	0,2,-4
0, 0.05263158, 0, 0.6, 0.45, 0.76, 0.1, 0, 0, 0, 0, 1, 0.6, 0.5, 0.76, 0.1, 0, 0, 0, 0	0	0,-2,-4
0.05263158, 0, 0, 0.6, 0.5, 0.68, 0.1, 0, 0, 0, 0, 1, 0.65, 0.5, 0.68, 0.1, 0, 0, 0, 0	0	0,2,-4
0.05263158, 0, 1, 0.65, 0.5, 0.68, 0.1, 0, 0, 0, 0, 0, 0.6, 0.5, 0.68, 0.1, 0, 0, 0, 0	0	0,-2,-4
0, 0.05263158, 1, 0.65, 0.55, 0.6, 0.1, 0, 0, 0, 0, 0, 0.65, 0.5, 0.6, 0.1, 0, 0, 0, 0	0	0,2,-4
0, 0.05263158, 0, 0.65, 0.5, 0.6, 0.1, 0, 0, 0, 0, 1, 0.65, 0.55, 0.6, 0.1, 0, 0, 0, 0	0	0,-2,-4
0.05263158, 0, 0, 0.65, 0.55, 0.52, 0.1, 0, 0, 0, 0, 1, 0.6, 0.55, 0.52, 0.1, 0, 0, 0, 0	0	0,2,-4
0.05263158, 0, 1, 0.6, 0.55, 0.52, 0.1, 0, 0, 0, 0, 0, 0.65, 0.55, 0.52, 0.1, 0, 0, 0, 0	0	0,-2,-4
0, 0.05263158, 1, 0.6, 0.5, 0.44, 0.1, 0, 0, 0, 0, 0, 0.6, 0.55, 0.44, 0.1, 0, 0, 0, 0	0	0,2,-4
0, 0.05263158, 0, 0.6, 0.55, 0.44, 0.1, 0, 0, 0, 0, 1, 0.6, 0.5, 0.44, 0.1, 0, 0, 0, 0	0	0,-2,-4
0, 0.05263158, 0, 0.6, 0.5, 0.36, 0.1, 0, 0, 0, 0, 1, 0.6, 0.45, 0.36, 0.1, 0, 0, 0, 0	0	0,2,-4
0, 0.05263158, 1, 0.6, 0.45, 0.36, 0.1, 0, 0, 0, 0, 0, 0.6, 0.5, 0.36, 0.1, 0, 0, 0, 0	0	0,-2,-4
0.05263158, 0, 1, 0.65, 0.45, 0.28, 0.1, 0, 0, 0, 0, 0, 0.6, 0.45, 0.28, 0.1, 0, 0, 0, 0	0	0,2,-4
0.05263158, 0, 0, 0.6, 0.45, 0.28, 0.1, 0, 0, 0, 0, 1, 0.65, 0.45, 0.28, 0.1, 0, 0, 0, 0	0	0,-2,-4
0, 0.05263158, 0, 0.65, 0.45, 0.2, 0.1, 0, 0, 0, 0, 1, 0.65, 0.5, 0.2, 0.1, 0, 0, 0, 0	0	0,2,-4
0, 0.05263158, 1, 0.65, 0.5, 0.2, 0.1, 0, 0, 0, 0, 0, 0.65, 0.45, 0.2, 0.1, 0, 0, 0, 0	0	0,-2,-4
0, 0.05263158, 1, 0.65, 0.55, 0.2, 0.1, 0, 0, 0, 0, 0, 0.65, 0.5, 0.16, 0.1, 1, 0, 0, 0	1	0,2,-4
0, 0.05263158, 0, 0.65, 0.5, 0.16, 0.1, 1, 0, 0, 0, 1, 0.65, 0.55, 0.2, 0.1, 0, 0, 0, 0	0	-2,0,3
0, 0.05263158, 0, 0.65, 0.55, 0.2, 0.1, 0, 0, 0, 0, 1, 0.65, 0.5, 0, 0.1, 1, 0, 0, 0	0	4,-3,0
0, 0.05263158, 1, 0.65, 0.5, 0, 0.1, 1, 0, 0, 0, 0, 0.65, 0.55, 0.2, 0.1, 0, 0, 0, 0	2	0,-2,-4
0.05263158, 0, 1, 0.6, 0.5, 0.84, 0.1, 0, 0, 0, 0, 0, 0.55, 0.5, 1, 0.1, 0, 0, 0, 0	2	0,2,-4
0.05263158, 0, 0, 0.55, 0.5, 1, 0.1, 0, 0, 0, 0, 1, 0.6, 0.5, 0.84, 0.1, 0, 0, 0, 0	0	4,-3,0
0, 0.05263158, 0, 0.6, 0.5, 0.68, 0.1, 0, 0, 0, 0, 1, 0.6, 0.45, 1, 0.1, 0, 0, 0, 0	2	0,2,-4
0, 0.05263158, 1, 0.6, 0.45, 1, 0.1, 0, 0, 0, 0, 0, 0.6, 0.5, 0.68, 0.1, 0, 0, 0, 0	0	4,-3,0
0, 0.05263158, 1, 0.6, 0.4, 0.52, 0.1, 0, 0, 0, 0, 0, 0.6, 0.45, 1, 0.1, 0, 0, 0, 0	2	0,2,-4
0, 0.05263158, 0, 0.6, 0.45, 1, 0.1, 0, 0, 0, 0, 1, 0.6, 0.4, 0.52, 0.1, 0, 0, 0, 0	0	4,-3,0
0.05263158, 0, 0, 0.6, 0.4, 0.44, 0.1, 0, 0, 0, 0, 1, 0.55, 0.4, 0.92, 0.1, 0, 0, 0, 0	0	0,2,-4
0.05263158, 0, 1, 0.55, 0.4, 0.92, 0.1, 0, 0, 0, 0, 0, 0.6, 0.4, 0.44, 0.1, 0, 0, 0, 0	0	0,-2,-4
0, 0.05263158, 1, 0.55, 0.35, 0.36, 0.1, 0, 0, 0, 0, 0, 0.55, 0.4, 0.84, 0.1, 0, 0, 0, 0	0	0,2,-4
0, 0.05263158, 0, 0.55, 0.4, 0.84, 0.1, 0, 0, 0, 0, 1, 0.55, 0.35, 0.36, 0.1, 0, 0, 0, 0	0	0,-2,-4
0.05263158, 0, 0, 0.55, 0.35, 0.28, 0.1, 0, 0, 0, 0, 1, 0.6, 0.35, 0.76, 0.1, 0, 0, 0, 0	0	0,2,-4
0.05263158, 0, 1, 0.6, 0.35, 0.76, 0.1, 0, 0, 0, 0, 0, 0.55, 0.35, 0.28, 0.1, 0, 0, 0, 0	0	0,-2,-4
0.05263158, 0, 1, 0.65, 0.35, 0.2, 0.1, 0, 0, 0, 0, 0, 0.6, 0.35, 0.68, 0.1, 0, 0, 0, 0	0	0,2,-4
0.05263158, 0, 0, 0.6, 0.35, 0.68, 0.1, 0, 0, 0, 0, 1, 0.65, 0.35, 0.2, 0.1, 0, 0, 0, 0	0	0,-2,-4
0, 0.05263158, 0, 0.65, 0.35, 0.12, 0.1, 0, 0, 0, 0, 1, 0.65, 0.4, 0.6, 0.1, 0, 0, 0, 0	0	0,2,-4
0, 0.05263158, 1, 0.65, 0.4, 0.6, 0.1, 0, 0, 0, 0, 0, 0.65, 0.35, 0.12, 0.1, 0, 0, 0, 0	0	0,-2,-4
0, 0.05263158, 1, 0.65, 0.45, 0.04, 0.1, 0, 0, 0, 0, 0, 0.65, 0.4, 0.52, 0.1, 0, 0, 0, 0	0	0,2,-4
0, 0.05263158, 0, 0.65, 0.4, 0.52, 0.1, 0, 0, 0, 0, 1, 0.65, 0.45, 0.04, 0.1, 0, 0, 0, 0	0	0,-2,-4
0.05263158, 0, 0, 0.65, 0.45, 0, 0.1, 0, 0, 0, 0, 1, 0.7, 0.45, 0.44, 0.1, 0, 0, 0, 0	0	0,2,-4
0.05263158, 0, 1, 0.7, 0.45, 0.44, 0.1, 0, 0, 0, 0, 0, 0.65, 0.45, 0, 0.1, 0, 0, 0, 0	0	0,-2,-4
0, 0.05263158, 1, 0.55, 0.45, 0.92, 0.1, 0, 0, 0, 0, 0, 0.55, 0.5, 0.92, 0.1, 0, 0, 0, 0	0	0,2,-4
0, 0.05263158, 0, 0.55, 0.5, 0.92, 0.1, 0, 0, 0, 0, 1, 0.55, 0.45, 0.92, 0.1, 0, 0, 0, 0	0	0,-2,-4
0.05263158, 0, 0, 0.55, 0.45, 0.84, 0.1, 0, 0, 0, 0, 1, 0.6, 0.45, 0.84, 0.1, 0, 0, 0, 0	0	0,2,-4
0.05263158, 0, 1, 0.6, 0.45, 0.84, 0.1, 0, 0, 0, 0, 0, 0.55, 0.45, 0.84, 0.1, 0, 0, 0, 0	0	0,-2,-4
0, 0.05263158, 1, 0.6, 0.5, 0.76, 0.1, 0, 0, 0, 0, 0, 0.6, 0.45, 0.76, 0.1, 0, 0, 0, 0	0	0,2,-4
0, 0.05263158, 0, 0.6, 0.45, 0.76, 0.1, 0, 0, 0, 0, 1, 0.6, 0.5, 0.76, 0.1, 0, 0, 0, 0	0	0,-2,-4
0.05263158, 0, 0, 0.6, 0.5, 0.76, 0.1, 0, 0, 0, 0, 1, 0.65, 0.5, 0.72, 0.1, 1, 0, 0, 0	1	0,2,-4
0.05263158, 0, 1, 0.65, 0.5, 0.72, 0.1, 1, 0, 0, 0, 0, 0.6, 0.5, 0.76, 0.1, 0, 0, 0, 0	0	-2,0,3
0, 0.05263158, 1, 0.65, 0.45, 0.76, 0.1, 0, 0, 0, 0, 0, 0.65, 0.5, 0.56, 0.1, 1, 0, 0, 0	0	4,-3,0
0, 0.05263158, 0, 0.65, 0.5, 0.56, 0.1, 1, 0, 0, 0, 1, 0.65, 0.45, 0.76, 0.1, 0, 0, 0, 0	2	0,-2,-4
0, 0.05263158, 0, 0.65, 0.45, 0.76, 0.1, 0, 0, 0, 0, 1, 0.65, 0.5, 0.4, 0.1, 1, 0, 0, 0	0	4,-3,0
0, 0.05263158, 1, 0.65, 0.5, 0.4, 0.1, 1, 0, 0, 0, 0, 0.65, 0.45, 0.76, 0.1, 0, 0, 0, 0	2	0,-2,-4
0, 0.05263158, 1, 0.65, 0.55, 0.68, 0.1, 0, 0, 0, 0, 0, 0.65, 0.5, 0.32, 0.1, 0, 0, 0, 0	0	0,2,-4
0, 0.05263158, 0, 0.65, 0.5, 0.32, 0.1, 0, 0, 0, 0, 1, 0.65, 0.55, 0.68, 0.1, 0, 0, 0, 0	0	0,-2,-4
0.05263158, 0, 0, 0.65, 0.55, 0.6, 0.1, 0, 0, 0, 0, 1, 0.7, 0.55, 0.24, 0.1, 0, 0, 0, 0	0	0,2,-4
0.05263158, 0, 1, 0.7, 0.55, 0.24, 0.1, 0, 0, 0, 0, 0, 0.65, 0.55, 0.6, 0.1, 0, 0, 0, 0	0	0,-2,-4
0, 0.05263158, 1, 0.7, 0.6, 0.52, 0.1, 0, 0, 0, 0, 0, 0.7, 0.55, 0.16, 0.1, 0, 0, 0, 0	0	0,2,-4
0, 0.05263158, 0, 0.7, 0.55, 0.16, 0.1, 0, 0, 0, 0, 1, 0.7, 0.6, 0.52, 0.1, 0, 0, 0, 0	0	0,-2,-4
0, 0.05263158, 0, 0.7, 0.6, 0.44, 0.1, 0, 0, 0, 0, 1, 0.7, 0.65, 0.08, 0.1, 0, 0, 0, 0	0	0,2,-4
0, 0.05263158, 1, 0.7, 0.65, 0.08, 0.1, 0, 0, 0, 0, 0, 0.7, 0.6, 0.44, 0.1, 0, 0, 0, 0	0	0,-2,-4
0.05263158, 0, 1, 0.75, 0.65, 0.44, 0.1, 0, 0, 0, 0, 0, 0.7, 0.65, 0.04, 0.1, 1, 0, 0, 0	1	0,2,-4
0.05263158, 0, 0, 0.7, 0.65, 0.04, 0.1, 1, 0, 0, 0, 1, 0.75, 0.65, 0.44, 0.1, 0, 0, 0, 0	0	-2,0,3
0.05263158, 0, 0, 0.75, 0.65, 0.44, 0.1, 0, 0, 0, 0, 1, 0.7, 0.65, 0, 0.1, 1, 0, 0, 0	0	4,-3,0
0.05263158, 0, 1, 0.7, 0.65, 0, 0.1, 1, 0, 0, 0, 0, 0.75, 0.65, 0.44, 0.1, 0, 0, 0, 0	2	0,-2,-4
0, 0.05263158, 1, 0.55, 0.45, 0.92, 0.1, 0, 0, 0, 0, 0, 0.55, 0.5, 0.92, 0.1, 0, 0, 0, 0	0	0,2,-4
0, 0.05263158, 0, 0.55, 0.5, 0.92, 0.1, 0, 0, 0, 0, 1, 0.55, 0.45, 0.92, 0.1, 0, 0, 0, 0	0	0,-2,-4
0.05263158, 0, 0, 0.55, 0.45, 0.84, 0.1, 0, 0, 0, 0, 1, 0.6, 0.45, 0.84, 0.1, 0, 0, 0, 0	0	0,2,-4
0.05263158, 0, 1, 0.6, 0.45, 0.84, 0.1, 0, 0, 0, 0, 0, 0.55, 0.45, 0.84, 0.1, 0, 0, 0, 0	0	0,-2,-4
0, 0.05263158, 1, 0.6, 0.5, 0.76, 0.1, 0, 0, 0, 0, 0, 0.6, 0.45, 0.76, 0.1, 0, 0, 0, 0	0	0,2,-4
0, 0.05263158, 0, 0.6, 0.45, 0.76, 0.1, 0, 0, 0, 0, 1, 0.6, 0.5, 0.76, 0.1, 0, 0, 0, 0	0	0,-2,-4
0.05263158, 0, 0, 0.6, 0.5, 0.68, 0.1, 0, 0, 0, 0, 1, 0.55, 0.5, 0.68, 0.1, 0, 0, 0, 0	0	0,2,-4
0.05263158, 0, 1, 0.55, 0.5, 0.68, 0.1, 0, 0, 0, 0, 0, 0.6, 0.5, 0.68, 0.1, 0, 0, 0, 0	0	0,-2,-4
0, 0.05263158, 1, 0.55, 0.55, 0.6, 0.1, 0, 0, 0, 0, 0, 0.55, 0.5, 0.6, 0.1, 0, 0, 0, 0	0	0,2,-4
0, 0.05263158, 0, 0.55, 0.5, 0.6, 0.1, 0, 0, 0, 0, 1, 0.55, 0.55, 0.6, 0.1, 0, 0, 0, 0	0	0,-2,-4
0, 0.05263158, 0, 0.55, 0.55, 0.52, 0.1, 0, 0, 0, 0, 1, 0.55, 0.6, 0.52, 0.1, 0, 0, 0, 0	0	0,2,-4
0, 0.05263158, 1, 0.55, 0.6, 0.52, 0.1, 0, 0, 0, 0, 0, 0.55, 0.55, 0.52, 0.1, 0, 0, 0, 0	0	0,-2,-4
0.05263158, 0, 1, 0.6, 0.6, 0.44, 0.1, 0, 0, 0, 0, 0, 0.55, 0.6, 0.44, 0.1, 0, 0, 0, 0	0	0,2,-4
0.05263158, 0, 0, 0.55, 0.6, 0.44, 0.1, 0, 0, 0, 0, 1, 0.6, 0.6, 0.44, 0.1, 0, 0, 0, 0	0	0,-2,-4
0, 0.05263158, 0, 0.6, 0.6, 0.36, 0.1, 0, 0, 0, 0, 1, 0.6, 0.55, 0.36, 0.1, 0, 0, 0, 0	0	0,2,-4
0, 0.05263158, 1, 0.6, 0.55, 0.36, 0.1, 0, 0, 0, 0, 0, 0.6, 0.6, 0.36, 0.1, 0, 0, 0, 0	0	0,-2,-4
0.05263158, 0, 1, 0.65, 0.55, 0.36, 0.1, 0, 0, 0, 0, 0, 0.6, 0.55, 0.32, 0.1, 1, 0, 0, 0	1	0,2,-4
0.05263158, 0, 0, 0.6, 0.55, 0.32, 0.1, 1, 0, 0, 0, 1, 0.65, 0.55, 0.36, 0.1, 0, 0, 0, 0	0	-2,0,3
0.05263158, 0, 0, 0.65, 0.55, 0.36, 0.1, 0, 0, 0, 0, 1, 0.6, 0.55, 0.16, 0.1, 1, 0, 0, 0	0	4,-3,0
0.05263158, 0, 1, 0.6, 0.55, 0.16, 0.1, 1, 0, 0, 0, 0, 0.65, 0.55, 0.36, 0.1, 0, 0, 0, 0	2	0,-2,-4
0, 0.05263158, 1, 0.6, 0.6, 0.36, 0.1, 0, 0, 0, 0, 0, 0.6, 0.55, 0, 0.1, 1, 0, 0, 0	0	4,-3,0
0, 0.05263158, 0, 0.6, 0.55, 0, 0.1, 1, 0, 0, 0, 1, 0.6, 0.6, 0.36, 0.1, 0, 0, 0, 0	2	0,-2,-4
0.05263158, 0, 1, 0.6, 0.5, 0.92, 0.1, 0, 0, 0, 0, 0, 0.55, 0.5, 0.92, 0.1, 0, 0, 0, 0	0	0,2,-4
0.05263158, 0, 0, 0.55, 0.5, 0.92, 0.1, 0, 0, 0, 0, 1, 0.6, 0.5, 0.92, 0.1, 0, 0, 0, 0	0	0,-2,-4
0, 0.05263158, 0, 0.6, 0.5, 0.84, 0.1, 0, 0, 0, 0, 1, 0.6, 0.45, 0.84, 0.1, 0, 0, 0, 0	0	0,2,-4
0, 0.05263158, 1, 0.6, 0.45, 0.84, 0.1, 0, 0, 0, 0, 0, 0.6, 0.5, 0.84, 0.1, 0, 0, 0, 0	0	0,-2,-4
0.05263158, 0, 1, 0.65, 0.45, 0.76, 0.1, 0, 0, 0, 0, 0, 0.6, 0.45, 0.76, 0.1, 0, 0, 0, 0	0	0,2,-4
0.05263158, 0, 0, 0.6, 0.45, 0.76, 0.1, 0, 0, 0, 0, 1, 0.65, 0.45, 0.76, 0.1, 0, 0, 0, 0	0	0,-2,-4
0, 0.05263158, 0, 0.65, 0.45, 0.68, 0.1, 0, 0, 0, 0, 1, 0.65, 0.5, 0.68, 0.1, 0, 0, 0, 0	0	0,2,-4
0, 0.05263158, 1, 0.65, 0.5, 0.68, 0.1, 0, 0, 0, 0, 0, 0.65, 0.45, 0.68, 0.1, 0, 0, 0, 0	0	0,-2,-4
0.05263158, 0, 1, 0.7, 0.5, 0.6, 0.1, 0, 0, 0, 0, 0, 0.65, 0.5, 0.6, 0.1, 0, 0, 0, 0	0	0,2,-4
0.05263158, 0, 0, 0.65, 0.5, 0.6, 0.1, 0, 0, 0, 0, 1, 0.7, 0.5, 0.6, 0.1, 0, 0, 0, 0	0	0,-2,-4
0.05263158, 0, 0, 0.7, 0.5, 0.52, 0.1, 0, 0, 0, 0, 1, 0.75, 0.5, 0.52, 0.1, 0, 0, 0, 0	0	0,2,-4
0.05263158, 0, 1, 0.75, 0.5, 0.52, 0.1, 0, 0, 0, 0, 0, 0.7, 0.5, 0.52, 0.1, 0, 0, 0, 0	0	0,-2,-4
0, 0.05263158, 1, 0.75, 0.55, 0.44, 0.1, 0, 0, 0, 0, 0, 0.75, 0.5, 0.44, 0.1, 0, 0, 0, 0	0	0,2,-4
0, 0.05263158, 0, 0.75, 0.5, 0.44, 0.1, 0, 0, 0, 0, 1, 0.75, 0.55, 0.44, 0.1, 0, 0, 0, 0	0	0,-2,-4
0, 0.05263158, 0, 0.75, 0.55, 0.36, 0.1, 0, 0, 0, 0, 1, 0.75, 0.6, 0.36, 0.1, 0, 0, 0, 0	0	0,2,-4
0, 0.05263158, 1, 0.75, 0.6, 0.36, 0.1, 0, 0, 0, 0, 0, 0.75, 0.55, 0.36, 0.1, 0, 0, 0, 0	0	0,-2,-4
0, 0.05263158, 1, 0.75, 0.65, 0.36, 0.1, 0, 0, 0, 0, 0, 0.75, 0.6, 0.32, 0.1, 1, 0, 0, 0	1	0,2,-4
0, 0.05263158, 0, 0.75, 0.6, 0.32, 0.1, 1, 0, 0, 0, 1, 0.75, 0.65, 0.36, 0.1, 0, 0, 0, 0	0	-2,0,3
0, 0.05263158, 0, 0.75, 0.65, 0.36, 0.1, 0, 0, 0, 0, 1, 0.75, 0.6, 0.16, 0.1, 1, 0, 0, 0	0	4,-3,0
0, 0.05263158, 1, 0.75, 0.6, 0.16, 0.1, 1, 0, 0, 0, 0, 0.75, 0.65, 0.36, 0.1, 0, 0, 0, 0	2	0,-2,-4
0, 0.05263158, 1, 0.75, 0.55, 0.36, 0.1, 0, 0, 0, 0, 0, 0.75, 0.6, 0, 0.1, 1, 0, 0, 0	0	4,-3,0
0, 0.05263158, 0, 0.75, 0.6, 0, 0.1, 1, 0, 0, 0, 1, 0.75, 0.55, 0.36, 0.1, 0, 0, 0, 0	2	0,-2,-4
0.05263158, 0, 1, 0.55, 0.55, 0.92, 0.1, 0, 0, 0, 0, 0, 0.5, 0.55, 0.92, 0.1, 0, 0, 0, 0	0	0,2,-4
0.05263158, 0, 0, 0.5, 0.55, 0.92, 0.1, 0, 0, 0, 0, 1, 0.55, 0.55, 0.92, 0.1, 0, 0, 0, 0	0	0,-2,-4
0.05263158, 0, 0, 0.55, 0.55, 0.84, 0.1, 0, 0, 0, 0, 1, 0.6, 0.55, 0.84, 0.1, 0, 0, 0, 0	0	0,2,-4
0.05263158, 0, 1, 0.6, 0.55, 0.84, 0.1, 0, 0, 0, 0, 0, 0.55, 0.55, 0.84, 0.1, 0, 0, 0, 0	0	0,-2,-4
0.05263158, 0, 1, 0.65, 0.55, 0.76, 0.1, 0, 0, 0, 0, 0, 0.6, 0.55, 0.76, 0.1, 0, 0, 0, 0	0	0,2,-4
0.05263158, 0, 0, 0.6, 0.55, 0.76, 0.1, 0, 0, 0, 0, 1, 0.65, 0.55, 0.76, 0.1, 0, 0, 0, 0	0	0,-2,-4
0, 0.05263158, 0, 0.65, 0.55, 0.68, 0.1, 0, 0, 0, 0, 1, 0.65, 0.6, 0.68, 0.1, 0, 0, 0, 0	0	0,2,-4
0, 0.05263158, 1, 0.65, 0.6, 0.68, 0.1, 0, 0, 0, 0, 0, 0.65, 0.55, 0.68, 0.1, 0, 0, 0, 0	0	0,-2,-4
0, 0.05263158, 1, 0.65, 0.65, 0.6, 0.1, 0, 0, 0, 0, 0, 0.65, 0.6, 0.6, 0.1, 0, 0, 0, 0	0	0,2,-4
0, 0.05263158, 0, 0.65, 0.6, 0.6, 0.1, 0, 0, 0, 0, 1, 0.65, 0.65, 0.6, 0.1, 0, 0, 0, 0	0	0,-2,-4
0.05263158, 0, 0, 0.65, 0.65, 0.52, 0.1, 0, 0, 0, 0, 1, 0.7, 0.65, 0.52, 0.1, 0, 0, 0, 0	0	0,2,-4
0.05263158, 0, 1, 0.7, 0.65, 0.52, 0.1, 0, 0, 0, 0, 0, 0.65, 0.65, 0.52, 0.1, 0, 0, 0, 0	0	0,-2,-4
0, 0.05263158, 1, 0.7, 0.6, 0.44, 0.1, 0, 0, 0, 0, 0, 0.7, 0.65, 0.44, 0.1, 0, 0, 0, 0	0	0,2,-4
0, 0.05263158, 0, 0.7, 0.65, 0.44, 0.1, 0, 0, 0, 0, 1, 0.7, 0.6, 0.44, 0.1, 0, 0, 0, 0	0	0,-2,-4
0.05263158, 0, 0, 0.7, 0.6, 0.36, 0.1, 0, 0, 0, 0, 1, 0.75, 0.6, 0.36, 0.1, 0, 0, 0, 0	0	0,2,-4
0.05263158, 0, 1, 0.75, 0.6, 0.36, 0.1, 0, 0, 0, 0, 0, 0.7, 0.6, 0.36, 0.1, 0, 0, 0, 0	0	0,-2,-4
0, 0.05263158, 1, 0.75, 0.55, 0.36, 0.1, 0, 0, 0, 0, 0, 0.75, 0.6, 0.32, 0.1, 1, 0, 0, 0	1	0,2,-4
0, 0.05263158, 0, 0.75, 0.6, 0.32, 0.1, 1, 0, 0, 0, 1, 0.75, 0.55, 0.36, 0.1, 0, 0, 0, 0	0	-2,0,3
0, 0.05263158, 0, 0.75, 0.55, 0.36, 0.1, 0, 0, 0, 0, 1, 0.75, 0.6, 0.16, 0.1, 1, 0, 0, 0	0	4,-3,0
0, 0.05263158, 1, 0.75, 0.6, 0.16, 0.1, 1, 0, 0, 0, 0, 0.75, 0.55, 0.36, 0.1, 0, 0, 0, 0	2	0,-2,-4
0, 0.05263158, 1, 0.75, 0.65, 0.36, 0.1, 0, 0, 0, 0, 0, 0.75, 0.6, 0, 0.1, 1, 0, 0, 0	0	4,-3,0
0, 0.05263158, 0, 0.75, 0.6, 0, 0.1, 1, 0, 0, 0, 1, 0.75, 0.65, 0.36, 0.1, 0, 0, 0, 0	2	0,-2,-4
0.05263158, 0, 1, 0.55, 0.55, 1, 0.05, 0, 0, 0, 0, 0, 0.5, 0.55, 1, 0.05, 0, 0, 0, 0	2	4,-3,0
0.05263158, 0, 0, 0.5, 0.55, 1, 0.05, 0, 0, 0, 0, 1, 0.55, 0.55, 1, 0.05, 0, 0, 0, 0	2	4,-3,0
0, 0.05263158, 0, 0.55, 0.55, 1, 0.05, 0, 0, 0, 0, 1, 0.55, 0.6, 1, 0.05, 0, 0, 0, 0	2	2,-3,0
0, 0.05263158, 1, 0.55, 0.6, 1, 0.05, 0, 0, 0, 0, 0, 0.55, 0.55, 1, 0.05, 0, 0, 0, 0	2	2,-3,0
0.05263158, 0, 1, 0.6, 0.6, 1, 0.05, 0, 0, 0, 0, 0, 0.55, 0.6, 1, 0.05, 0, 0, 0, 0	2	2,-3,0
0.05263158, 0, 0, 0.55, 0.6, 1, 0.05, 0, 0, 0, 0, 1, 0.6, 0.6, 1, 0.05, 0, 0, 0, 0	2	2,-3,0
0.05263158, 0, 0, 0.6, 0.6, 1, 0.05, 0, 0, 0, 0, 1, 0.65, 0.6, 0.92, 0.05, 0, 0, 0, 0	0	2,-3,0
0.05263158, 0, 1, 0.65, 0.6, 0.92, 0.05, 0, 0, 0, 0, 0, 0.6, 0.6, 1, 0.05, 0, 0, 0, 0	2	0,-2,-2
0, 0.05263158, 1, 0.65, 0.55, 1, 0.05, 0, 0, 0, 0, 0, 0.65, 0.6, 0.92, 0.05, 0, 0, 0, 0	2	2,-3,0
0, 0.05263158, 0, 0.65, 0.6, 0.92, 0.05, 0, 0, 0, 0, 1, 0.65, 0.55, 1, 0.05, 0, 0, 0, 0	2	2,-3,0
0.05263158, 0, 0, 0.65, 0.55, 1, 0.05, 0, 0, 0, 0, 1, 0.7, 0.55, 0.84, 0.05, 0, 0, 0, 0	0	2,-3,0
0.05263158, 0, 1, 0.7, 0.55, 0.84, 0.05, 0, 0, 0, 0, 0, 0.65, 0.55, 1, 0.05, 0, 0, 0, 0	2	0,-2,-2
0, 0.05263158, 1, 0.7, 0.6, 1, 0.05, 0, 0, 0, 0, 0, 0.7, 0.55, 0.84, 0.05, 0, 0, 0, 0	2	2,-3,0
0, 0.05263158, 0, 0.7, 0.55, 0.84, 0.05, 0, 0, 0, 0, 1, 0.7, 0.6, 1, 0.05, 0, 0, 0, 0	2	2,-3,0
0.05263158, 0, 0, 0.7, 0.6, 1, 0.05, 0, 0, 0, 0, 1, 0.65, 0.6, 0.76, 0.05, 0, 0, 0, 0	0	2,-3,0
0.05263158, 0, 1, 0.65, 0.6, 0.76, 0.05, 0, 0, 0, 0, 0, 0.7, 0.6, 1, 0.05, 0, 0, 0, 0	2	0,-2,-2
0, 0.05263158, 1, 0.65, 0.55, 1, 0.05, 0, 0, 0, 0, 0, 0.65, 0.6, 0.68, 0.05, 0, 0, 0, 0	0	2,-3,0
0, 0.05263158, 0, 0.65, 0.6, 0.68, 0.05, 0, 0, 0, 0, 1, 0.65, 0.55, 1, 0.05, 0, 0, 0, 0	2	0,-2,-2
0.05263158, 0, 0, 0.65, 0.55, 1, 0.05, 0, 0, 0, 0, 1, 0.7, 0.55, 0.6, 0.05, 0, 0, 0, 0	0	2,-3,0
0.05263158, 0, 1, 0.7, 0.55, 0.6, 0.05, 0, 0, 0, 0, 0, 0.65, 0.55, 1, 0.05, 0, 0, 0, 0	2	0,-2,-2
0.05263158, 0, 1, 0.75, 0.55, 1, 0.05, 0, 0, 0, 0, 0, 0.7, 0.55, 0.52, 0.05, 0, 0, 0, 0	0	2,-3,0
0.05263158, 0, 0, 0.7, 0.55, 0.52, 0.05, 0, 0, 0, 0, 1, 0.75, 0.55, 1, 0.05, 0, 0, 0, 0	2	0,-2,-2
0, 0.05263158, 0, 0.75, 0.55, 1, 0.05, 0, 0, 0, 0, 1, 0.75, 0.5, 0.44, 0.05, 0, 0, 0, 0	0	2,-3,0
0, 0.05263158, 1, 0.75, 0.5, 0.44, 0.05, 0, 0, 0, 0, 0, 0.75, 0.55, 1, 0.05, 0, 0, 0, 0	2	0,-2,-2
0, 0.05263158, 1, 0.75, 0.45, 1, 0.05, 0, 0, 0, 0, 0, 0.75, 0.5, 0.36, 0.05, 0, 0, 0, 0	0	2,-3,0
0, 0.05263158, 0, 0.75, 0.5, 0.36, 0.05, 0, 0, 0, 0, 1, 0.75, 0.45, 1, 0.05, 0, 0, 0, 0	2	0,-2,-2
0, 0.05263158, 0, 0.75, 0.45, 1, 0.05, 0, 0, 0, 0, 1, 0.75, 0.4, 0.28, 0.05, 0, 0, 0, 0	0	2,-3,0
0, 0.05263158, 1, 0.75, 0.4, 0.28, 0.05, 0, 0, 0, 0, 0, 0.75, 0.45, 1, 0.05, 0, 0, 0, 0	2	0,-2,-2
0, 0.05263158, 1, 0.75, 0.35, 0.96, 0.05, 0, 0, 0, 0, 0, 0.75, 0.4, 0.24, 0.05, 0, 0, 0, 0	0	0,2,-2
0, 0.05263158, 0, 0.75, 0.4, 0.24, 0.05, 0, 0, 0, 0, 1, 0.75, 0.35, 0.96, 0.05, 0, 0, 0, 0	0	0,-2,-2
0, 0.05263158, 0, 0.75, 0.35, 0.96, 0.05, 0, 0, 0, 0, 1, 0.75, 0.3, 0.16, 0.05, 0, 0, 0, 0	0	2,-3,0
0, 0.05263158, 1, 0.75, 0.3, 0.16, 0.05, 0, 0, 0, 0, 0, 0.75, 0.35, 0.96, 0.05, 0, 0, 0, 0	2	0,-2,-2
0, 0.05263158, 1, 0.75, 0.25, 0.92, 0.05, 0, 0, 0, 0, 0, 0.75, 0.3, 0.12, 0.05, 0, 0, 0, 0	0	0,2,-2
0, 0.05263158, 0, 0.75, 0.3, 0.12, 0.05, 0, 0, 0, 0, 1, 0.75, 0.25, 0.92, 0.05, 0, 0, 0, 0	0	0,-2,-2
0.05263158, 0, 0, 0.75, 0.25, 0.92, 0.05, 0, 0, 0, 0, 1, 0.7, 0.25, 0.04, 0.05, 0, 0, 0, 0	0	2,-3,0
0.05263158, 0, 1, 0.7, 0.25, 0.04, 0.05, 0, 0, 0, 0, 0, 0.75, 0.25, 0.92, 0.05, 0, 0, 0, 0	2	0,-2,-2
0, 0.05263158, 1, 0.7, 0.3, 0.88, 0.05, 0, 0, 0, 0, 0, 0.7, 0.25, 0, 0.05, 0, 0, 0, 0	0	0,2,-2
0, 0.05263158, 0, 0.7, 0.25, 0, 0.05, 0, 0, 0, 0, 1, 0.7, 0.3, 0.88, 0.05, 0, 0, 0, 0	0	0,-2,-2
0, 0.05263158, 1, 0.55, 0.45, 1, 0.1, 0, 0, 0, 0, 0, 0.55, 0.5, 0.84, 0.1, 0, 0, 0, 0	0	4,-3,0
0, 0.05263158, 0, 0.55, 0.5, 0.84, 0.1, 0, 0, 0, 0, 1, 0.55, 0.45, 1, 0.1, 0, 0, 0, 0	2	0,-2,-4
0.05263158, 0, 0, 0.55, 0.45, 1, 0.1, 0, 0, 0, 0, 1, 0.6, 0.45, 0.68, 0.1, 0, 0, 0, 0	0	4,-3,0
0.05263158, 0, 1, 0.6, 0.45, 0.68, 0.1, 0, 0, 0, 0, 0, 0.55, 0.45, 1, 0.1, 0, 0, 0, 0	2	0,-2,-4
0, 0.05263158, 1, 0.6, 0.4, 1, 0.1, 0, 0, 0, 0, 0, 0.6, 0.45, 0.52, 0.1, 0, 0, 0, 0	0	4,-3,0
0, 0.05263158, 0, 0.6, 0.45, 0.52, 0.1, 0, 0, 0, 0, 1, 0.6, 0.4, 1, 0.1, 0, 0, 0, 0	2	0,-2,-4
0.05263158, 0, 0, 0.6, 0.4, 1, 0.1, 0, 0, 0, 0, 1, 0.55, 0.4, 0.36, 0.1, 0, 0, 0, 0	0	4,-3,0
0.05263158, 0, 1, 0.55, 0.4, 0.36, 0.1, 0, 0, 0, 0, 0, 0.6, 0.4, 1, 0.1, 0, 0, 0, 0	2	0,-2,-4
0.05263158, 0, 1, 0.5, 0.4, 0.92, 0.1, 0, 0, 0, 0, 0, 0.55, 0.4, 0.28, 0.1, 0, 0, 0, 0	0	0,2,-4
0.05263158, 0, 0, 0.55, 0.4, 0.28, 0.1, 0, 0, 0, 0, 1, 0.5, 0.4, 0.92, 0.1, 0, 0, 0, 0	0	0,-2,-4
0.05263158, 0, 0, 0.5, 0.4, 0.92, 0.1, 0, 0, 0, 0, 1, 0.45, 0.4, 0.12, 0.1, 0, 0, 0, 0	0	4,-3,0
0.05263158, 0, 1, 0.45, 0.4, 0.12, 0.1, 0, 0, 0, 0, 0, 0.5, 0.4, 0.92, 0.1, 0, 0, 0, 0	2	0,-2,-4
0, 0.05263158, 1, 0.55, 0.45, 1, 0.05, 0, 0, 0, 0, 0, 0.55, 0.5, 1, 0.05, 0, 0, 0, 0	2	4,-3,0
0, 0.05263158, 0, 0.55, 0.5, 1, 0.05, 0, 0, 0, 0, 1, 0.55, 0.45, 1, 0.05, 0, 0, 0, 0	2	4,-3,0
0, 0.05263158, 1, 0.55, 0.45, 0.92, 0.1, 0, 0, 0, 0, 0, 0.55, 0.5, 0.92, 0.1, 0, 0, 0, 0	0	0,2,-4
0, 0.05263158, 0, 0.55, 0.5, 0.92, 0.1, 0, 0, 0, 0, 1, 0.55, 0.45, 0.92, 0.1, 0, 0, 0, 0	0	0,-2,-4
0.05263158, 0, 0, 0.55, 0.45, 0.84, 0.1, 0, 0, 0, 0, 1, 0.6, 0.45, 0.84, 0.1, 0, 0, 0, 0	0	0,2,-4
0.05263158, 0, 1, 0.6, 0.45, 0.84, 0.1, 0, 0, 0, 0, 0, 0.55, 0.45, 0.84, 0.1, 0, 0, 0, 0	0	0,-2,-4
0, 0.05263158, 1, 0.6, 0.5, 0.76, 0.1, 0, 0, 0, 0, 0, 0.6, 0.45, 0.76, 0.1, 0, 0, 0, 0	0	0,2,-4
0, 0.05263158, 0, 0.6, 0.45, 0.76, 0.1, 0, 0, 0, 0, 1, 0.6, 0.5, 0.76, 0.1, 0, 0, 0, 0	0	0,-2,-4
0, 0.05263158, 0, 0.6, 0.5, 0.68, 0.1, 0, 0, 0, 0, 1, 0.6, 0.55, 0.68, 0.1, 0, 0, 0, 0	0	0,2,-4
0, 0.05263158, 1, 0.6, 0.55, 0.68, 0.1, 0, 0, 0, 0, 0, 0.6, 0.5, 0.68, 0.1, 0, 0, 0, 0	0	0,-2,-4
0.05263158, 0, 1, 0.55, 0.55, 0.6, 0.1, 0, 0, 0, 0, 0, 0.6, 0.55, 0.6, 0.1, 0, 0, 0, 0	0	0,2,-4
0.05263158, 0, 0, 0.6, 0.55, 0.6, 0.1, 0, 0, 0, 0, 1, 0.55, 0.55, 0.6, 0.1, 0, 0, 0, 0	0	0,-2,-4
0, 0.05263158, 0, 0.55, 0.55, 0.52, 0.1, 0, 0, 0, 0, 1, 0.55, 0.5, 0.52, 0.1, 0, 0, 0, 0	0	0,2,-4
0, 0.05263158, 1, 0.55, 0.5, 0.52, 0.1, 0, 0, 0, 0, 0, 0.55, 0.55, 0.52, 0.1, 0, 0, 0, 0	0	0,-2,-4
0.05263158, 0, 1, 0.6, 0.5, 0.44, 0.1, 0, 0, 0, 0, 0, 0.55, 0.5, 0.44, 0.1, 0, 0, 0, 0	0	0,2,-4
0.05263158, 0, 0, 0.55, 0.5, 0.44, 0.1, 0, 0, 0, 0, 1, 0.6, 0.5, 0.44, 0.1, 0, 0, 0, 0	0	0,-2,-4
0.05263158, 0, 0, 0.6, 0.5, 0.36, 0.1, 0, 0, 0, 0, 1, 0.65, 0.5, 0.36, 0.1, 0, 0, 0, 0	0	0,2,-4
0.05263158, 0, 1, 0.65, 0.5, 0.36, 0.1, 0, 0, 0, 0, 0, 0.6, 0.5, 0.36, 0.1, 0, 0, 0, 0	0	0,-2,-4
0, 0.05263158, 1, 0.65, 0.55, 0.28, 0.1, 0, 0, 0, 0, 0, 0.65, 0.5, 0.28, 0.1, 0, 0, 0, 0	0	0,2,-4
0, 0.05263158, 0, 0.65, 0.5, 0.28, 0.1, 0, 0, 0, 0, 1, 0.65, 0.55, 0.28, 0.1, 0, 0, 0, 0	0	0,-2,-4
0.05263158, 0, 0, 0.65, 0.55, 0.2, 0.1, 0, 0, 0, 0, 1, 0.6, 0.55, 0.2, 0.1, 0, 0, 0, 0	0	0,2,-4
0.05263158, 0, 1, 0.6, 0.55, 0.2, 0.1, 0, 0, 0, 0, 0, 0.65, 0.55, 0.2, 0.1, 0, 0, 0, 0	0	0,-2,-4
0.05263158, 0, 1, 0.55, 0.55, 0.84, 0.1, 0, 0, 0, 0, 0, 0.5, 0.55, 1, 0.1, 0, 0, 0, 0	2	0,2,-4
0.05263158, 0, 0, 0.5, 0.55, 1, 0.1, 0, 0, 0, 0, 1, 0.55, 0.55, 0.84, 0.1, 0, 0, 0, 0	0	4,-3,0
0, 0.05263158, 0, 0.55, 0.55, 0.68, 0.1, 0, 0, 0, 0, 1, 0.55, 0.6, 1, 0.1, 0, 0, 0, 0	2	0,2,-4
0, 0.05263158, 1, 0.55, 0.6, 1, 0.1, 0, 0, 0, 0, 0, 0.55, 0.55, 0.68, 0.1, 0, 0, 0, 0	0	4,-3,0
0.05263158, 0, 1, 0.6, 0.6, 0.52, 0.1, 0, 0, 0, 0, 0, 0.55, 0.6, 1, 0.1, 0, 0, 0, 0	2	0,2,-4
0.05263158, 0, 0, 0.55, 0.6, 1, 0.1, 0, 0, 0, 0, 1, 0.6, 0.6, 0.52, 0.1, 0, 0, 0, 0	0	4,-3,0
0.05263158, 0, 0, 0.6, 0.6, 0.44, 0.1, 0, 0, 0, 0, 1, 0.65, 0.6, 0.92, 0.1, 0, 0, 0, 0	0	0,2,-4
0.05263158, 0, 1, 0.65, 0.6, 0.92, 0.1, 0, 0, 0, 0, 0, 0.6, 0.6, 0.44, 0.1, 0, 0, 0, 0	0	0,-2,-4
0, 0.05263158, 1, 0.65, 0.55, 0.36, 0.1, 0, 0, 0, 0, 0, 0.65, 0.6, 0.84, 0.1, 0, 0, 0, 0	0	0,2,-4
0, 0.05263158, 0, 0.65, 0.6, 0.84, 0.1, 0, 0, 0, 0, 1, 0.65, 0.55, 0.36, 0.1, 0, 0, 0, 0	0	0,-2,-4
0, 0.05263158, 0, 0.65, 0.55, 0.28, 0.1, 0, 0, 0, 0, 1, 0.65, 0.5, 0.76, 0.1, 0, 0, 0, 0	0	0,2,-4
0, 0.05263158, 1, 0.65, 0.5, 0.76, 0.1, 0, 0, 0, 0, 0, 0.65, 0.55, 0.28, 0.1, 0, 0, 0, 0	0	0,-2,-4
0.05263158, 0, 1, 0.6, 0.5, 0.2, 0.1, 0, 0, 0, 0, 0, 0.65, 0.5, 0.68, 0.1, 0, 0, 0, 0	0	0,2,-4
0.05263158, 0, 0, 0.65, 0.5, 0.68, 0.1, 0, 0, 0, 0, 1, 0.6, 0.5, 0.2, 0.1, 0, 0, 0, 0	0	0,-2,-4
0, 0.05263158, 0, 0.6, 0.5, 0.12, 0.1, 0, 0, 0, 0, 1, 0.6, 0.55, 0.6, 0.1, 0, 0, 0, 0	0	0,2,-4
0, 0.05263158, 1, 0.6, 0.55, 0.6, 0.1, 0, 0, 0, 0, 0, 0.6, 0.5, 0.12, 0.1, 0, 0, 0, 0	0	0,-2,-4
0.05263158, 0, 1, 0.65, 0.55, 0.04, 0.1, 0, 0, 0, 0, 0, 0.6, 0.55, 0.52, 0.1, 0, 0, 0, 0	0	0,2,-4
0.05263158, 0, 0, 0.6, 0.55, 0.52, 0.1, 0, 0, 0, 0, 1, 0.65, 0.55, 0.04, 0.1, 0, 0, 0, 0	0	0,-2,-4
0, 0.05263158, 0, 0.65, 0.55, 0, 0.1, 0, 0, 0, 0, 1, 0.65, 0.6, 0.44, 0.1, 0, 0, 0, 0	0	0,2,-4
0, 0.05263158, 1, 0.65, 0.6, 0.44, 0.1, 0, 0, 0, 0, 0, 0.65, 0.55, 0, 0.1, 0, 0, 0, 0	0	0,-2,-4
0.05263158, 0, 1, 0.55, 0.55, 0.92, 0.1, 0, 0, 0, 0, 0, 0.5, 0.55, 0.92, 0.1, 0, 0, 0, 0	0	0,2,-4
0.05263158, 0, 0, 0.5, 0.55, 0.92, 0.1, 0, 0, 0, 0, 1, 0.55, 0.55, 0.92, 0.1, 0, 0, 0, 0	0	0,-2,-4
0, 0.05263158, 0, 0.55, 0.55, 0.84, 0.1, 0, 0, 0, 0, 1, 0.55, 0.6, 0.84, 0.1, 0, 0, 0, 0	0	0,2,-4
0, 0.05263158, 1, 0.55, 0.6, 0.84, 0.1, 0, 0, 0, 0, 0, 0.55, 0.55, 0.84, 0.1, 0, 0, 0, 0	0	0,-2,-4
0.05263158, 0, 1, 0.6, 0.6, 0.76, 0.1, 0, 0, 0, 0, 0, 0.55, 0.6, 0.76, 0.1, 0, 0, 0, 0	0	0,2,-4
0.05263158, 0, 0, 0.55, 0.6, 0.76, 0.1, 0, 0, 0, 0, 1, 0.6, 0.6, 0.76, 0.1, 0, 0, 0, 0	0	0,-2,-4
0, 0.05263158, 0, 0.6, 0.6, 0.76, 0.1, 0, 0, 0, 0, 1, 0.6, 0.65, 0.72, 0.1, 1, 0, 0, 0	1	0,2,-4
0, 0.05263158, 1, 0.6, 0.65, 0.72, 0.1, 1, 0, 0, 0, 0, 0.6, 0.6, 0.76, 0.1, 0, 0, 0, 0	0	-2,0,3
0.05263158, 0, 1, 0.55, 0.65, 0.76, 0.1, 0, 0, 0, 0, 0, 0.6, 0.65, 0.56, 0.1, 1, 0, 0, 0	0	4,-3,0
0.05263158, 0, 0, 0.6, 0.65, 0.56, 0.1, 1, 0, 0, 0, 1, 0.55, 0.65, 0.76, 0.1, 0, 0, 0, 0	2	0,-2,-4
0.05263158, 0, 0, 0.55, 0.65, 0.76, 0.1, 0, 0, 0, 0, 1, 0.6, 0.65, 0.4, 0.1, 1, 0, 0, 0	0	4,-3,0
0.05263158, 0, 1, 0.6, 0.65, 0.4, 0.1, 1, 0, 0, 0, 0, 0.55, 0.65, 0.76, 0.1, 0, 0, 0, 0	2	0,-2,-4
0, 0.05263158, 1, 0.6, 0.6, 0.68, 0.1, 0, 0, 0, 0, 0, 0.6, 0.65, 0.32, 0.1, 0, 0, 0, 0	0	0,2,-4
0, 0.05263158, 0, 0.6, 0.65, 0.32, 0.1, 0, 0, 0, 0, 1, 0.6, 0.6, 0.68, 0.1, 0, 0, 0, 0	0	0,-2,-4
0.05263158, 0, 0, 0.6, 0.6, 0.6, 0.1, 0, 0, 0, 0, 1, 0.55, 0.6, 0.24, 0.1, 0, 0, 0, 0	0	0,2,-4
0.05263158, 0, 1, 0.55, 0.6, 0.24, 0.1, 0, 0, 0, 0, 0, 0.6, 0.6, 0.6, 0.1, 0, 0, 0, 0	0	0,-2,-4
0, 0.05263158, 1, 0.55, 0.65, 0.52, 0.1, 0, 0, 0, 0, 0, 0.55, 0.6, 0.16, 0.1, 0, 0, 0, 0	0	0,2,-4
0, 0.05263158, 0, 0.55, 0.6, 0.16, 0.1, 0, 0, 0, 0, 1, 0.55, 0.65, 0.52, 0.1, 0, 0, 0, 0	0	0,-2,-4
0.05263158, 0, 0, 0.55, 0.65, 0.44, 0.1, 0, 0, 0, 0, 1, 0.6, 0.65, 0.08, 0.1, 0, 0, 0, 0	0	0,2,-4
0.05263158, 0, 1, 0.6, 0.65, 0.08, 0.1, 0, 0, 0, 0, 0, 0.55, 0.65, 0.44, 0.1, 0, 0, 0, 0	0	0,-2,-4
0, 0.05263158, 1, 0.6, 0.7, 0.44, 0.1, 0, 0, 0, 0, 0, 0.6, 0.65, 0.04, 0.1, 1, 0, 0, 0	1	0,2,-4
0, 0.05263158, 0, 0.6, 0.65, 0.04, 0.1, 1, 0, 0, 0, 1, 0.6, 0.7, 0.44, 0.1, 0, 0, 0, 0	0	-2,0,3
0, 0.05263158, 0, 0.6, 0.7, 0.44, 0.1, 0, 0, 0, 0, 1, 0.6, 0.65, 0, 0.1, 1, 0, 0, 0	0	4,-3,0
0, 0.05263158, 1, 0.6, 0.65, 0, 0.1, 1, 0, 0, 0, 0, 0.6, 0.7, 0.44, 0.1, 0, 0, 0, 0	2	0,-2,-4
0.05263158, 0, 1, 0.6, 0.5, 0.92, 0.1, 0, 0, 0, 0, 0, 0.55, 0.5, 0.92, 0.1, 0, 0, 0, 0	0	0,2,-4
0.05263158, 0, 0, 0.55, 0.5, 0.92, 0.1, 0, 0, 0, 0, 1, 0.6, 0.5, 0.92, 0.1, 0, 0, 0, 0	0	0,-2,-4
0, 0.05263158, 0, 0.6, 0.5, 0.84, 0.1, 0, 0, 0, 0, 1, 0.6, 0.55, 0.84, 0.1, 0, 0, 0, 0	0	0,2,-4
0, 0.05263158, 1, 0.6, 0.55, 0.84, 0.1, 0, 0, 0, 0, 0, 0.6, 0.5, 0.84, 0.1, 0, 0, 0, 0	0	0,-2,-4
0.05263158, 0, 1, 0.65, 0.55, 0.76, 0.1, 0, 0, 0, 0, 0, 0.6, 0.55, 0.76, 0.1, 0, 0, 0, 0	0	0,2,-4
0.05263158, 0, 0, 0.6, 0.55, 0.76, 0.1, 0, 0, 0, 0, 1, 0.65, 0.55, 0.76, 0.1, 0, 0, 0, 0	0	0,-2,-4
